MUNICPIOS,ENE-DIC 2013,ENE-DIC 2014,ENE-DIC 2015,ENE-DIC 2016,ENE-DIC 2017,ENE-DIC 2018,ENE-MAR 2019,Delito
ACATIC,0,4,4,3,2,5,1,abuso sexual
ACATLAN DE JUAREZ,9,2,4,3,9,5,1,abuso sexual
AHUALULCO DE MERCADO,2,1,3,3,4,4,0,abuso sexual
AMACUECA,0,0,0,2,0,0,0,abuso sexual
AMATITAN,2,3,0,1,1,4,2,abuso sexual
AMECA,19,9,13,13,12,10,2,abuso sexual
ARANDAS,6,12,11,14,12,16,4,abuso sexual
ATEMAJAC DE BRIZUELA,0,0,2,0,0,0,0,abuso sexual
ATENGO,0,1,0,0,0,1,0,abuso sexual
ATENGUILLO,0,0,1,0,1,1,0,abuso sexual
ATOTONILCO EL ALTO,3,1,8,7,4,9,4,abuso sexual
ATOYAC,3,1,1,1,0,2,1,abuso sexual
AUTLAN DE NAVARRO,13,26,14,26,24,25,5,abuso sexual
AYOTLAN,0,0,1,4,5,3,1,abuso sexual
AYUTLA,3,2,2,3,1,1,1,abuso sexual
BOLAÑOS,2,0,0,0,2,0,1,abuso sexual
CABO CORRIENTES,3,2,2,0,4,5,1,abuso sexual
CAÑADAS DE OBREGON,0,0,1,0,0,1,0,abuso sexual
CASIMIRO CASTILLO,1,9,7,8,1,6,0,abuso sexual
CHAPALA,5,9,10,15,24,13,2,abuso sexual
CHIMALTITAN,0,0,0,1,1,0,0,abuso sexual
CHIQUILISTLAN,0,2,0,0,1,0,0,abuso sexual
CIHUATLAN,10,12,12,14,16,21,1,abuso sexual
COCULA,3,10,4,6,7,10,1,abuso sexual
COLOTLAN,5,2,2,8,9,7,0,abuso sexual
CONCEPCION DE BUENOS AIRES,0,1,0,0,3,0,0,abuso sexual
CUAUTITLAN DE GARCIA BARRAGAN,5,1,5,4,7,3,1,abuso sexual
CUAUTLA,0,1,1,1,0,0,0,abuso sexual
CUQUIO,0,2,2,1,4,3,0,abuso sexual
DEGOLLADO,0,1,1,0,4,1,0,abuso sexual
EJUTLA,0,0,0,0,1,0,0,abuso sexual
EL ARENAL,4,0,3,5,4,6,1,abuso sexual
EL GRULLO,6,7,5,5,11,6,6,abuso sexual
EL LIMON,1,0,0,1,2,2,0,abuso sexual
EL SALTO,46,44,44,59,70,51,13,abuso sexual
ENCARNACION DE DIAZ,13,10,5,8,6,8,1,abuso sexual
ETZATLAN,0,1,1,2,2,3,1,abuso sexual
GOMEZ FARIAS,0,1,2,3,7,2,0,abuso sexual
GUACHINANGO,0,1,1,0,0,0,0,abuso sexual
GUADALAJARA,242,251,289,477,446,353,116,abuso sexual
HOSTOTIPAQUILLO,0,0,1,2,1,1,3,abuso sexual
HUEJUCAR,0,2,0,1,0,4,1,abuso sexual
HUEJUQUILLA EL ALTO,1,0,1,1,2,0,0,abuso sexual
IXTLAHUACAN DE LOS MEMBRILLOS,5,13,20,32,22,22,6,abuso sexual
IXTLAHUACAN DEL RIO,0,3,1,1,2,3,5,abuso sexual
JALOSTOTITLAN,6,4,6,5,6,4,1,abuso sexual
JAMAY,0,1,2,4,6,2,2,abuso sexual
JESUS MARIA,2,2,1,1,2,2,0,abuso sexual
JILOTLAN DE LOS DOLORES,0,1,0,0,0,1,0,abuso sexual
JOCOTEPEC,3,3,7,9,12,12,1,abuso sexual
JUANACATLAN,1,2,2,6,4,5,2,abuso sexual
JUCHITLAN,0,1,0,0,0,1,0,abuso sexual
LA BARCA,5,1,2,3,3,13,4,abuso sexual
LA HUERTA,6,5,4,4,8,5,2,abuso sexual
LA MANZANILLA DE LA PAZ,0,2,0,0,1,0,0,abuso sexual
LAGOS DE MORENO,21,27,26,20,32,24,6,abuso sexual
MAGDALENA,2,6,2,0,5,5,1,abuso sexual
MASCOTA,6,2,3,1,2,2,0,abuso sexual
MAZAMITLA,3,1,4,1,1,2,1,abuso sexual
MEXTICACAN,1,0,1,1,0,1,0,abuso sexual
MEZQUITIC,2,2,4,5,7,3,2,abuso sexual
MIXTLAN,0,0,0,0,2,2,0,abuso sexual
OCOTLAN,18,12,21,23,16,17,4,abuso sexual
OJUELOS DE JALISCO,4,4,1,3,1,7,2,abuso sexual
PIHUAMO,0,0,1,2,0,1,0,abuso sexual
PONCITLAN,1,4,7,8,17,5,2,abuso sexual
PUERTO VALLARTA,106,106,102,95,113,140,29,abuso sexual
QUITUPAN,1,0,0,0,1,1,0,abuso sexual
SAN CRISTOBAL DE LA BARRANCA,0,2,0,2,2,2,0,abuso sexual
SAN DIEGO DE ALEJANDRIA,0,0,0,0,0,0,0,abuso sexual
SAN GABRIEL,2,2,1,2,2,2,0,abuso sexual
SAN IGNACIO CERRO GORDO,1,3,2,1,3,1,1,abuso sexual
SAN JUAN DE LOS LAGOS,19,12,8,13,13,14,4,abuso sexual
SAN JUANITO DE ESCOBEDO,1,4,1,4,1,0,1,abuso sexual
SAN JULIAN,2,5,0,1,2,0,0,abuso sexual
SAN MARCOS,1,0,1,0,0,0,0,abuso sexual
SAN MARTIN DE BOLAÑOS,1,3,1,0,0,1,0,abuso sexual
SAN MARTIN DE HIDALGO,1,7,2,3,7,3,2,abuso sexual
SAN MIGUEL EL ALTO,5,7,9,3,7,4,3,abuso sexual
SAN PEDRO TLAQUEPAQUE,108,113,134,226,181,171,53,abuso sexual
SAN SEBASTIAN DEL OESTE,2,0,0,0,0,0,0,abuso sexual
SANTA MARIA DE LOS ANGELES,1,0,0,1,1,1,0,abuso sexual
SANTA MARIA DEL ORO,0,0,0,0,1,0,0,abuso sexual
SAYULA,4,5,6,10,2,2,1,abuso sexual
TALA,16,13,19,22,22,27,11,abuso sexual
TALPA DE ALLENDE,2,2,6,0,6,5,0,abuso sexual
TAMAZULA DE GORDIANO,6,10,9,8,9,6,0,abuso sexual
TAPALPA,0,1,1,3,1,3,3,abuso sexual
TECALITLAN,3,1,0,0,1,1,0,abuso sexual
TECHALUTA DE MONTENEGRO,0,0,0,0,2,1,0,abuso sexual
TECOLOTLAN,3,4,2,7,5,6,2,abuso sexual
TENAMAXTLAN,2,1,1,0,1,2,0,abuso sexual
TEOCALTICHE,6,6,3,6,6,2,4,abuso sexual
TEOCUITATLAN DE CORONA,0,0,2,0,1,1,0,abuso sexual
TEPATITLAN DE MORELOS,26,36,27,34,30,27,4,abuso sexual
TEQUILA,7,11,9,10,16,10,2,abuso sexual
TEUCHITLAN,0,0,3,1,0,0,1,abuso sexual
TIZAPAN EL ALTO,1,2,4,6,5,2,0,abuso sexual
TLAJOMULCO DE ZUÑIGA,118,132,159,213,246,219,52,abuso sexual
TOLIMAN,1,2,0,0,0,3,0,abuso sexual
TOMATLAN,8,18,10,10,7,9,2,abuso sexual
TONALA,77,100,113,205,164,119,49,abuso sexual
TONAYA,0,1,0,0,1,0,0,abuso sexual
TONILA,1,3,2,1,0,0,0,abuso sexual
TOTATICHE,1,0,0,0,0,2,1,abuso sexual
TOTOTLAN,2,2,3,3,4,5,1,abuso sexual
TUXCACUESCO,0,1,0,1,1,2,0,abuso sexual
TUXCUECA,0,1,1,0,1,4,0,abuso sexual
TUXPAN,2,9,11,8,5,4,2,abuso sexual
UNION DE SAN ANTONIO,2,1,1,4,1,2,1,abuso sexual
UNION DE TULA,3,2,2,2,3,7,0,abuso sexual
VALLE DE GUADALUPE,3,5,0,0,3,1,0,abuso sexual
VALLE DE JUAREZ,1,0,1,0,2,0,0,abuso sexual
VILLA CORONA,2,2,0,3,9,5,0,abuso sexual
VILLA GUERRERO,2,2,0,2,2,4,0,abuso sexual
VILLA HIDALGO,0,2,0,1,1,0,2,abuso sexual
VILLA PURIFICACION,1,1,5,5,4,3,4,abuso sexual
YAHUALICA DE GONZALEZ GALLO,5,5,3,5,6,4,2,abuso sexual
ZACOALCO DE TORRES,7,4,5,9,5,8,3,abuso sexual
ZAPOPAN,165,196,241,387,407,410,78,abuso sexual
ZAPOTILTIC,4,5,6,4,7,9,1,abuso sexual
ZAPOTITLAN DE VADILLO,0,1,1,0,0,2,0,abuso sexual
ZAPOTLAN DEL REY,1,0,1,7,3,2,0,abuso sexual
ZAPOTLAN EL GRANDE,13,29,26,27,31,23,10,abuso sexual
ZAPOTLANEJO,11,11,14,10,27,14,4,abuso sexual
ACATIC,0,0,0,0,0,1,0,feminicidio
ACATLAN DE JUAREZ,3,0,0,2,0,0,0,feminicidio
AHUALULCO DE MERCADO,0,0,0,0,0,0,0,feminicidio
AMACUECA,0,0,0,0,0,0,0,feminicidio
AMATITAN,0,1,0,0,0,0,0,feminicidio
AMECA,1,0,1,0,0,1,0,feminicidio
ARANDAS,0,1,0,0,0,0,0,feminicidio
ATEMAJAC DE BRIZUELA,0,0,0,0,0,0,0,feminicidio
ATENGO,0,0,0,0,0,0,0,feminicidio
ATENGUILLO,0,0,0,0,0,0,0,feminicidio
ATOTONILCO EL ALTO,0,0,0,0,0,0,0,feminicidio
ATOYAC,0,0,0,0,0,0,0,feminicidio
AUTLAN DE NAVARRO,0,0,0,0,0,1,0,feminicidio
AYOTLAN,0,0,0,0,0,1,0,feminicidio
AYUTLA,0,0,0,0,0,0,0,feminicidio
BOLAÑOS,0,0,0,0,0,0,0,feminicidio
CABO CORRIENTES,0,0,0,0,0,0,0,feminicidio
CAÑADAS DE OBREGON,0,0,0,0,0,0,0,feminicidio
CASIMIRO CASTILLO,0,0,0,1,0,0,0,feminicidio
CHAPALA,0,0,1,1,1,0,0,feminicidio
CHIMALTITAN,0,0,0,0,0,0,0,feminicidio
CHIQUILISTLAN,0,0,0,0,0,0,0,feminicidio
CIHUATLAN,0,0,0,0,2,1,0,feminicidio
COCULA,0,0,0,1,0,0,0,feminicidio
COLOTLAN,0,0,0,0,0,0,0,feminicidio
CONCEPCION DE BUENOS AIRES,0,0,0,0,0,0,0,feminicidio
CUAUTITLAN DE GARCIA BARRAGAN,0,0,0,0,0,0,0,feminicidio
CUAUTLA,0,0,0,0,0,0,0,feminicidio
CUQUIO,0,0,0,0,0,0,0,feminicidio
DEGOLLADO,0,0,0,1,0,0,0,feminicidio
EJUTLA,0,0,0,0,1,0,0,feminicidio
EL ARENAL,0,1,0,1,0,0,0,feminicidio
EL GRULLO,0,0,1,1,0,1,0,feminicidio
EL LIMON,0,0,0,0,0,0,0,feminicidio
EL SALTO,2,4,4,4,6,2,1,feminicidio
ENCARNACION DE DIAZ,0,0,2,0,0,0,0,feminicidio
ETZATLAN,0,0,0,0,0,0,0,feminicidio
GOMEZ FARIAS,0,0,0,0,0,0,0,feminicidio
GUACHINANGO,0,0,0,0,0,0,0,feminicidio
GUADALAJARA,1,4,14,2,1,6,2,feminicidio
HOSTOTIPAQUILLO,0,0,0,0,0,0,0,feminicidio
HUEJUCAR,0,0,0,0,0,0,0,feminicidio
HUEJUQUILLA EL ALTO,0,0,0,0,0,1,0,feminicidio
IXTLAHUACAN DE LOS MEMBRILLOS,0,1,1,3,1,1,0,feminicidio
IXTLAHUACAN DEL RIO,0,0,0,0,0,0,0,feminicidio
JALOSTOTITLAN,0,0,0,1,0,0,0,feminicidio
JAMAY,0,0,1,0,0,0,0,feminicidio
JESUS MARIA,0,0,0,1,1,0,0,feminicidio
JILOTLAN DE LOS DOLORES,0,0,0,1,0,0,0,feminicidio
JOCOTEPEC,0,0,1,1,1,0,0,feminicidio
JUANACATLAN,0,0,0,0,1,0,0,feminicidio
JUCHITLAN,0,0,0,0,0,0,0,feminicidio
LA BARCA,0,0,1,2,0,0,0,feminicidio
LA HUERTA,0,0,0,0,0,0,0,feminicidio
LA MANZANILLA DE LA PAZ,0,0,0,0,0,0,0,feminicidio
LAGOS DE MORENO,0,0,0,2,1,0,0,feminicidio
MAGDALENA,0,0,0,0,1,0,0,feminicidio
MASCOTA,0,0,0,0,0,0,0,feminicidio
MAZAMITLA,0,0,0,0,0,1,0,feminicidio
MEXTICACAN,0,0,0,0,0,0,0,feminicidio
MEZQUITIC,0,0,1,1,0,0,0,feminicidio
MIXTLAN,0,0,0,0,0,0,0,feminicidio
OCOTLAN,0,0,1,2,2,0,0,feminicidio
OJUELOS DE JALISCO,0,0,0,0,0,0,0,feminicidio
PIHUAMO,0,1,0,0,0,0,0,feminicidio
PONCITLAN,0,0,0,0,0,0,0,feminicidio
PUERTO VALLARTA,0,0,1,0,0,2,1,feminicidio
QUITUPAN,0,0,0,0,0,0,0,feminicidio
SAN CRISTOBAL DE LA BARRANCA,0,0,0,0,0,0,0,feminicidio
SAN DIEGO DE ALEJANDRIA,0,0,0,1,0,0,0,feminicidio
SAN GABRIEL,0,0,0,0,0,0,0,feminicidio
SAN IGNACIO CERRO GORDO,0,0,0,0,0,0,0,feminicidio
SAN JUAN DE LOS LAGOS,0,0,0,0,0,0,0,feminicidio
SAN JUANITO DE ESCOBEDO,0,0,0,0,0,0,0,feminicidio
SAN JULIAN,0,0,0,0,0,0,0,feminicidio
SAN MARCOS,0,0,0,0,0,0,0,feminicidio
SAN MARTIN DE BOLAÑOS,0,0,0,0,0,0,0,feminicidio
SAN MARTIN DE HIDALGO,0,0,1,0,0,0,0,feminicidio
SAN MIGUEL EL ALTO,0,0,0,0,1,0,0,feminicidio
SAN PEDRO TLAQUEPAQUE,2,6,1,5,0,3,2,feminicidio
SAN SEBASTIAN DEL OESTE,0,0,0,0,0,0,0,feminicidio
SANTA MARIA DE LOS ANGELES,0,0,0,0,0,0,0,feminicidio
SANTA MARIA DEL ORO,0,0,0,0,0,0,0,feminicidio
SAYULA,0,0,1,0,1,0,0,feminicidio
TALA,0,0,0,1,1,0,1,feminicidio
TALPA DE ALLENDE,0,0,0,0,0,0,0,feminicidio
TAMAZULA DE GORDIANO,0,0,0,0,0,0,0,feminicidio
TAPALPA,0,0,1,0,0,0,0,feminicidio
TECALITLAN,0,0,0,0,0,0,0,feminicidio
TECHALUTA DE MONTENEGRO,0,0,0,0,0,0,0,feminicidio
TECOLOTLAN,1,0,0,0,0,0,0,feminicidio
TENAMAXTLAN,0,0,0,0,0,0,0,feminicidio
TEOCALTICHE,0,0,0,0,0,0,0,feminicidio
TEOCUITATLAN DE CORONA,0,0,0,0,0,0,0,feminicidio
TEPATITLAN DE MORELOS,0,1,2,0,0,0,0,feminicidio
TEQUILA,0,1,3,2,0,0,0,feminicidio
TEUCHITLAN,0,0,0,0,0,0,0,feminicidio
TIZAPAN EL ALTO,0,0,1,2,0,0,0,feminicidio
TLAJOMULCO DE ZUÑIGA,5,10,7,6,3,3,2,feminicidio
TOLIMAN,0,0,0,0,0,0,0,feminicidio
TOMATLAN,0,0,0,0,0,0,0,feminicidio
TONALA,0,1,4,0,1,2,1,feminicidio
TONAYA,0,0,0,0,0,0,0,feminicidio
TONILA,0,0,0,0,0,0,0,feminicidio
TOTATICHE,0,0,1,0,0,0,0,feminicidio
TOTOTLAN,0,0,0,0,0,0,0,feminicidio
TUXCACUESCO,0,0,0,0,0,0,0,feminicidio
TUXCUECA,0,0,0,0,0,0,0,feminicidio
TUXPAN,0,0,1,0,0,0,0,feminicidio
UNION DE SAN ANTONIO,0,0,0,0,0,1,0,feminicidio
UNION DE TULA,0,0,0,0,0,0,0,feminicidio
VALLE DE GUADALUPE,0,0,0,0,0,0,0,feminicidio
VALLE DE JUAREZ,0,0,0,0,0,0,0,feminicidio
VILLA CORONA,0,0,1,0,0,0,0,feminicidio
VILLA GUERRERO,0,0,0,0,0,0,0,feminicidio
VILLA HIDALGO,0,0,0,0,0,0,0,feminicidio
VILLA PURIFICACION,0,0,0,1,0,1,0,feminicidio
YAHUALICA DE GONZALEZ GALLO,0,1,0,0,0,0,0,feminicidio
ZACOALCO DE TORRES,0,0,0,0,0,0,0,feminicidio
ZAPOPAN,4,2,6,1,1,3,1,feminicidio
ZAPOTILTIC,1,1,0,0,0,0,0,feminicidio
ZAPOTITLAN DE VADILLO,0,0,0,0,0,0,0,feminicidio
ZAPOTLAN DEL REY,0,0,0,1,0,0,0,feminicidio
ZAPOTLAN EL GRANDE,0,0,1,0,0,0,0,feminicidio
ZAPOTLANEJO,2,1,1,0,0,0,0,feminicidio
ACATIC,1,0,2,1,1,0,1,homocidio doloso
ACATLAN DE JUAREZ,1,2,4,8,6,14,2,homocidio doloso
AHUALULCO DE MERCADO,6,1,1,1,0,0,0,homocidio doloso
AMACUECA,1,0,0,1,2,2,1,homocidio doloso
AMATITAN,4,4,1,1,3,2,0,homocidio doloso
AMECA,6,4,1,3,2,3,2,homocidio doloso
ARANDAS,5,2,8,4,5,3,0,homocidio doloso
ATEMAJAC DE BRIZUELA,2,1,0,0,0,2,0,homocidio doloso
ATENGO,0,0,1,0,1,1,0,homocidio doloso
ATENGUILLO,0,0,0,0,0,0,0,homocidio doloso
ATOTONILCO EL ALTO,7,5,9,9,5,3,1,homocidio doloso
ATOYAC,1,1,1,0,2,2,0,homocidio doloso
AUTLAN DE NAVARRO,3,3,4,2,3,3,1,homocidio doloso
AYOTLAN,4,4,1,1,1,4,0,homocidio doloso
AYUTLA,2,5,4,1,0,0,2,homocidio doloso
BOLAÑOS,1,0,0,1,1,2,0,homocidio doloso
CABO CORRIENTES,1,5,3,6,3,3,0,homocidio doloso
CAÑADAS DE OBREGON,0,0,0,1,1,0,0,homocidio doloso
CASIMIRO CASTILLO,2,3,3,2,0,8,1,homocidio doloso
CHAPALA,8,8,7,7,11,15,14,homocidio doloso
CHIMALTITAN,2,0,0,0,0,2,0,homocidio doloso
CHIQUILISTLAN,1,2,0,0,0,1,1,homocidio doloso
CIHUATLAN,20,13,3,6,6,5,2,homocidio doloso
COCULA,6,1,0,3,1,3,5,homocidio doloso
COLOTLAN,0,0,0,4,0,3,0,homocidio doloso
CONCEPCION DE BUENOS AIRES,0,0,1,0,0,0,0,homocidio doloso
CUAUTITLAN DE GARCIA BARRAGAN,5,1,0,1,6,10,0,homocidio doloso
CUAUTLA,0,0,1,0,0,0,0,homocidio doloso
CUQUIO,0,2,0,1,0,0,0,homocidio doloso
DEGOLLADO,2,5,8,1,4,1,1,homocidio doloso
EJUTLA,0,0,1,0,1,0,1,homocidio doloso
EL ARENAL,3,2,4,3,3,2,2,homocidio doloso
EL GRULLO,4,1,6,2,0,0,0,homocidio doloso
EL LIMON,1,1,2,2,1,1,0,homocidio doloso
EL SALTO,51,24,24,38,39,104,24,homocidio doloso
ENCARNACION DE DIAZ,4,3,2,8,5,11,4,homocidio doloso
ETZATLAN,2,2,1,1,0,1,0,homocidio doloso
GOMEZ FARIAS,5,2,4,8,5,7,0,homocidio doloso
GUACHINANGO,0,0,1,0,1,0,0,homocidio doloso
GUADALAJARA,156,145,179,204,265,478,123,homocidio doloso
HOSTOTIPAQUILLO,4,0,2,3,2,2,0,homocidio doloso
HUEJUCAR,1,0,0,0,0,3,0,homocidio doloso
HUEJUQUILLA EL ALTO,2,3,0,1,3,1,0,homocidio doloso
IXTLAHUACAN DE LOS MEMBRILLOS,13,8,9,6,12,13,4,homocidio doloso
IXTLAHUACAN DEL RIO,4,1,1,2,11,2,2,homocidio doloso
JALOSTOTITLAN,1,1,2,7,3,4,1,homocidio doloso
JAMAY,3,1,8,3,2,1,1,homocidio doloso
JESUS MARIA,1,0,3,0,1,0,2,homocidio doloso
JILOTLAN DE LOS DOLORES,3,2,0,1,1,3,1,homocidio doloso
JOCOTEPEC,10,13,4,9,17,17,3,homocidio doloso
JUANACATLAN,3,5,3,5,7,11,0,homocidio doloso
JUCHITLAN,0,1,0,0,1,2,0,homocidio doloso
LA BARCA,8,10,7,18,4,3,0,homocidio doloso
LA HUERTA,5,6,5,2,9,14,1,homocidio doloso
LA MANZANILLA DE LA PAZ,1,0,0,2,0,1,0,homocidio doloso
LAGOS DE MORENO,11,18,19,34,40,67,31,homocidio doloso
MAGDALENA,6,2,0,2,1,1,0,homocidio doloso
MASCOTA,1,1,2,1,1,2,0,homocidio doloso
MAZAMITLA,3,2,1,2,1,3,0,homocidio doloso
MEXTICACAN,0,0,1,0,0,0,0,homocidio doloso
MEZQUITIC,0,1,0,3,0,2,0,homocidio doloso
MIXTLAN,0,0,1,0,0,0,0,homocidio doloso
OCOTLAN,15,7,10,10,6,9,5,homocidio doloso
OJUELOS DE JALISCO,3,0,2,3,4,3,0,homocidio doloso
PIHUAMO,3,1,2,3,4,1,1,homocidio doloso
PONCITLAN,7,3,10,14,5,6,3,homocidio doloso
PUERTO VALLARTA,36,21,24,38,39,30,5,homocidio doloso
QUITUPAN,4,2,1,1,1,1,0,homocidio doloso
SAN CRISTOBAL DE LA BARRANCA,1,2,2,1,2,2,0,homocidio doloso
SAN DIEGO DE ALEJANDRIA,0,3,1,2,2,0,0,homocidio doloso
SAN GABRIEL,4,1,3,0,2,2,1,homocidio doloso
SAN IGNACIO CERRO GORDO,1,1,1,0,2,2,0,homocidio doloso
SAN JUAN DE LOS LAGOS,5,1,3,4,6,0,3,homocidio doloso
SAN JUANITO DE ESCOBEDO,1,0,0,0,1,0,0,homocidio doloso
SAN JULIAN,1,0,1,1,0,0,0,homocidio doloso
SAN MARCOS,0,0,1,1,2,1,0,homocidio doloso
SAN MARTIN DE BOLAÑOS,3,3,0,0,0,5,0,homocidio doloso
SAN MARTIN DE HIDALGO,5,4,1,3,2,3,0,homocidio doloso
SAN MIGUEL EL ALTO,8,6,5,4,0,2,1,homocidio doloso
SAN PEDRO TLAQUEPAQUE,105,109,93,113,160,329,83,homocidio doloso
SAN SEBASTIAN DEL OESTE,0,1,6,1,1,1,0,homocidio doloso
SANTA MARIA DE LOS ANGELES,0,0,1,0,0,0,1,homocidio doloso
SANTA MARIA DEL ORO,2,2,1,1,0,2,0,homocidio doloso
SAYULA,6,1,4,3,4,8,0,homocidio doloso
TALA,17,6,10,8,13,15,1,homocidio doloso
TALPA DE ALLENDE,3,1,2,4,1,0,0,homocidio doloso
TAMAZULA DE GORDIANO,3,9,8,4,7,0,3,homocidio doloso
TAPALPA,3,1,3,1,0,2,0,homocidio doloso
TECALITLAN,2,6,1,2,1,3,2,homocidio doloso
TECHALUTA DE MONTENEGRO,1,1,0,1,1,2,0,homocidio doloso
TECOLOTLAN,1,2,3,6,1,2,2,homocidio doloso
TENAMAXTLAN,2,0,1,0,1,2,0,homocidio doloso
TEOCALTICHE,3,1,0,2,6,1,0,homocidio doloso
TEOCUITATLAN DE CORONA,1,1,2,3,1,4,1,homocidio doloso
TEPATITLAN DE MORELOS,12,9,14,8,8,9,4,homocidio doloso
TEQUILA,13,4,5,5,5,4,1,homocidio doloso
TEUCHITLAN,3,0,0,0,0,1,0,homocidio doloso
TIZAPAN EL ALTO,3,3,0,3,0,0,1,homocidio doloso
TLAJOMULCO DE ZUÑIGA,60,61,75,126,154,248,66,homocidio doloso
TOLIMAN,1,3,0,2,1,0,0,homocidio doloso
TOMATLAN,8,11,11,11,9,9,0,homocidio doloso
TONALA,70,63,65,69,132,133,65,homocidio doloso
TONAYA,2,2,0,0,0,1,0,homocidio doloso
TONILA,4,2,0,1,1,1,1,homocidio doloso
TOTATICHE,0,1,0,0,1,1,0,homocidio doloso
TOTOTLAN,2,4,5,3,1,4,2,homocidio doloso
TUXCACUESCO,1,1,0,0,0,1,0,homocidio doloso
TUXCUECA,2,0,1,3,0,0,0,homocidio doloso
TUXPAN,2,2,12,4,2,1,0,homocidio doloso
UNION DE SAN ANTONIO,6,3,1,2,4,5,1,homocidio doloso
UNION DE TULA,0,0,2,0,1,1,0,homocidio doloso
VALLE DE GUADALUPE,1,1,0,0,1,1,0,homocidio doloso
VALLE DE JUAREZ,1,1,0,1,0,2,0,homocidio doloso
VILLA CORONA,0,2,0,3,3,2,1,homocidio doloso
VILLA GUERRERO,0,3,2,1,1,1,1,homocidio doloso
VILLA HIDALGO,0,0,1,0,0,1,0,homocidio doloso
VILLA PURIFICACION,2,3,2,2,1,2,1,homocidio doloso
YAHUALICA DE GONZALEZ GALLO,3,0,1,5,1,1,0,homocidio doloso
ZACOALCO DE TORRES,7,4,2,5,4,4,0,homocidio doloso
ZAPOPAN,210,142,170,156,208,216,81,homocidio doloso
ZAPOTILTIC,0,4,5,2,4,4,0,homocidio doloso
ZAPOTITLAN DE VADILLO,1,2,0,1,3,0,0,homocidio doloso
ZAPOTLAN DEL REY,2,1,0,1,3,2,0,homocidio doloso
ZAPOTLAN EL GRANDE,7,7,16,11,11,11,2,homocidio doloso
ZAPOTLANEJO,11,6,8,12,6,5,3,homocidio doloso
ACATIC,10,12,9,13,8,16,3,lesiones doloso
ACATLAN DE JUAREZ,25,8,10,53,55,47,12,lesiones doloso
AHUALULCO DE MERCADO,6,16,9,26,30,35,2,lesiones doloso
AMACUECA,2,4,6,4,3,1,0,lesiones doloso
AMATITAN,3,1,7,9,10,15,3,lesiones doloso
AMECA,54,43,84,78,89,68,17,lesiones doloso
ARANDAS,86,82,57,59,96,93,23,lesiones doloso
ATEMAJAC DE BRIZUELA,1,2,5,3,5,2,0,lesiones doloso
ATENGO,4,1,1,0,1,3,0,lesiones doloso
ATENGUILLO,1,1,0,6,2,4,0,lesiones doloso
ATOTONILCO EL ALTO,62,61,38,73,36,48,8,lesiones doloso
ATOYAC,4,2,2,3,5,6,3,lesiones doloso
AUTLAN DE NAVARRO,81,70,67,126,139,125,31,lesiones doloso
AYOTLAN,10,11,4,26,15,12,4,lesiones doloso
AYUTLA,14,12,14,7,12,6,3,lesiones doloso
BOLAÑOS,6,2,6,6,3,0,0,lesiones doloso
CABO CORRIENTES,17,10,6,4,4,5,1,lesiones doloso
CAÑADAS DE OBREGON,0,1,2,3,1,2,0,lesiones doloso
CASIMIRO CASTILLO,17,14,13,17,17,7,4,lesiones doloso
CHAPALA,92,79,63,100,84,110,26,lesiones doloso
CHIMALTITAN,3,5,3,3,2,2,0,lesiones doloso
CHIQUILISTLAN,1,1,2,4,3,0,0,lesiones doloso
CIHUATLAN,38,30,47,52,90,75,15,lesiones doloso
COCULA,24,20,29,19,27,15,3,lesiones doloso
COLOTLAN,12,14,6,19,14,35,10,lesiones doloso
CONCEPCION DE BUENOS AIRES,2,1,4,2,3,1,0,lesiones doloso
CUAUTITLAN DE GARCIA BARRAGAN,24,14,13,15,18,14,2,lesiones doloso
CUAUTLA,0,0,1,0,3,0,0,lesiones doloso
CUQUIO,2,10,3,14,14,8,2,lesiones doloso
DEGOLLADO,12,5,12,12,9,10,1,lesiones doloso
EJUTLA,1,1,0,1,1,1,0,lesiones doloso
EL ARENAL,12,5,10,18,14,35,8,lesiones doloso
EL GRULLO,23,13,9,14,29,21,3,lesiones doloso
EL LIMON,0,1,2,3,1,1,0,lesiones doloso
EL SALTO,190,165,180,222,327,282,76,lesiones doloso
ENCARNACION DE DIAZ,34,29,46,28,46,31,8,lesiones doloso
ETZATLAN,5,6,10,12,7,14,0,lesiones doloso
GOMEZ FARIAS,3,8,7,11,16,13,4,lesiones doloso
GUACHINANGO,3,2,3,0,0,1,0,lesiones doloso
GUADALAJARA,1809,1587,1791,2367,2469,2079,520,lesiones doloso
HOSTOTIPAQUILLO,4,1,0,2,1,5,1,lesiones doloso
HUEJUCAR,1,2,2,2,3,5,0,lesiones doloso
HUEJUQUILLA EL ALTO,16,8,6,4,10,3,1,lesiones doloso
IXTLAHUACAN DE LOS MEMBRILLOS,52,44,30,58,56,39,11,lesiones doloso
IXTLAHUACAN DEL RIO,11,13,13,17,16,13,3,lesiones doloso
JALOSTOTITLAN,27,20,21,25,30,48,9,lesiones doloso
JAMAY,22,13,10,8,13,16,4,lesiones doloso
JESUS MARIA,15,19,16,7,14,19,8,lesiones doloso
JILOTLAN DE LOS DOLORES,3,0,0,0,1,2,0,lesiones doloso
JOCOTEPEC,25,37,14,52,73,65,8,lesiones doloso
JUANACATLAN,10,8,21,16,19,16,7,lesiones doloso
JUCHITLAN,3,2,4,2,4,1,1,lesiones doloso
LA BARCA,51,36,45,52,55,59,9,lesiones doloso
LA HUERTA,25,23,20,21,16,9,2,lesiones doloso
LA MANZANILLA DE LA PAZ,0,1,2,0,0,2,0,lesiones doloso
LAGOS DE MORENO,242,295,279,238,223,215,64,lesiones doloso
MAGDALENA,4,6,11,9,18,11,1,lesiones doloso
MASCOTA,18,15,13,7,12,12,8,lesiones doloso
MAZAMITLA,11,8,14,20,21,19,2,lesiones doloso
MEXTICACAN,0,2,1,3,3,2,0,lesiones doloso
MEZQUITIC,6,7,7,7,8,12,0,lesiones doloso
MIXTLAN,1,3,2,3,1,4,0,lesiones doloso
OCOTLAN,114,98,125,113,134,121,41,lesiones doloso
OJUELOS DE JALISCO,13,38,41,26,70,35,6,lesiones doloso
PIHUAMO,2,0,3,3,4,7,2,lesiones doloso
PONCITLAN,60,42,42,54,56,63,14,lesiones doloso
PUERTO VALLARTA,548,457,483,455,444,435,90,lesiones doloso
QUITUPAN,2,0,5,8,3,0,2,lesiones doloso
SAN CRISTOBAL DE LA BARRANCA,1,1,0,1,2,0,0,lesiones doloso
SAN DIEGO DE ALEJANDRIA,2,2,3,3,3,0,1,lesiones doloso
SAN GABRIEL,10,1,4,4,10,4,1,lesiones doloso
SAN IGNACIO CERRO GORDO,7,4,9,11,11,5,2,lesiones doloso
SAN JUAN DE LOS LAGOS,77,105,88,57,73,48,10,lesiones doloso
SAN JUANITO DE ESCOBEDO,5,3,4,7,6,10,0,lesiones doloso
SAN JULIAN,7,6,10,6,2,6,1,lesiones doloso
SAN MARCOS,0,2,1,3,2,1,1,lesiones doloso
SAN MARTIN DE BOLAÑOS,0,7,4,4,3,2,0,lesiones doloso
SAN MARTIN DE HIDALGO,11,9,10,13,22,20,1,lesiones doloso
SAN MIGUEL EL ALTO,34,47,43,36,31,26,15,lesiones doloso
SAN PEDRO TLAQUEPAQUE,660,697,723,835,944,800,197,lesiones doloso
SAN SEBASTIAN DEL OESTE,0,2,4,2,1,2,0,lesiones doloso
SANTA MARIA DE LOS ANGELES,1,3,1,2,1,2,0,lesiones doloso
SANTA MARIA DEL ORO,0,1,0,1,0,0,0,lesiones doloso
SAYULA,48,36,45,33,30,44,7,lesiones doloso
TALA,65,41,84,80,79,71,40,lesiones doloso
TALPA DE ALLENDE,16,18,15,10,15,15,4,lesiones doloso
TAMAZULA DE GORDIANO,38,33,52,43,32,26,6,lesiones doloso
TAPALPA,9,7,5,12,10,8,4,lesiones doloso
TECALITLAN,3,1,2,4,3,9,0,lesiones doloso
TECHALUTA DE MONTENEGRO,2,1,3,2,3,1,0,lesiones doloso
TECOLOTLAN,16,7,16,18,17,14,7,lesiones doloso
TENAMAXTLAN,2,4,5,4,1,1,0,lesiones doloso
TEOCALTICHE,18,15,18,15,40,24,6,lesiones doloso
TEOCUITATLAN DE CORONA,5,1,7,2,1,3,1,lesiones doloso
TEPATITLAN DE MORELOS,189,136,186,205,152,159,37,lesiones doloso
TEQUILA,21,25,13,33,30,60,12,lesiones doloso
TEUCHITLAN,8,1,2,8,11,4,3,lesiones doloso
TIZAPAN EL ALTO,11,14,10,19,14,13,6,lesiones doloso
TLAJOMULCO DE ZUÑIGA,436,484,569,603,914,857,176,lesiones doloso
TOLIMAN,1,0,3,2,4,2,0,lesiones doloso
TOMATLAN,41,41,41,18,39,19,2,lesiones doloso
TONALA,450,467,552,668,820,650,180,lesiones doloso
TONAYA,5,5,4,2,1,2,0,lesiones doloso
TONILA,2,4,2,1,0,0,2,lesiones doloso
TOTATICHE,2,2,2,4,4,3,0,lesiones doloso
TOTOTLAN,12,12,12,18,17,20,4,lesiones doloso
TUXCACUESCO,2,1,1,0,1,0,0,lesiones doloso
TUXCUECA,3,3,3,4,7,3,1,lesiones doloso
TUXPAN,20,25,20,14,19,25,8,lesiones doloso
UNION DE SAN ANTONIO,9,7,7,11,7,7,2,lesiones doloso
UNION DE TULA,15,10,9,10,13,7,1,lesiones doloso
VALLE DE GUADALUPE,6,1,6,4,5,3,2,lesiones doloso
VALLE DE JUAREZ,0,1,3,0,1,6,1,lesiones doloso
VILLA CORONA,7,4,10,11,21,19,1,lesiones doloso
VILLA GUERRERO,5,6,4,6,5,8,0,lesiones doloso
VILLA HIDALGO,7,4,12,4,6,6,0,lesiones doloso
VILLA PURIFICACION,21,8,10,6,16,8,2,lesiones doloso
YAHUALICA DE GONZALEZ GALLO,31,13,15,19,30,20,8,lesiones doloso
ZACOALCO DE TORRES,25,22,32,27,19,26,8,lesiones doloso
ZAPOPAN,1019,1005,1183,1617,1577,1280,354,lesiones doloso
ZAPOTILTIC,29,28,48,20,33,34,21,lesiones doloso
ZAPOTITLAN DE VADILLO,2,1,3,1,8,0,0,lesiones doloso
ZAPOTLAN DEL REY,4,7,8,5,11,9,1,lesiones doloso
ZAPOTLAN EL GRANDE,127,134,178,140,142,127,41,lesiones doloso
ZAPOTLANEJO,58,38,35,43,63,51,12,lesiones doloso
ACATIC,0,0,0,0,0,0,0,robo autopartes
ACATLAN DE JUAREZ,0,1,0,5,1,0,0,robo autopartes
AHUALULCO DE MERCADO,1,1,0,0,0,0,0,robo autopartes
AMACUECA,0,0,0,0,0,0,0,robo autopartes
AMATITAN,0,0,1,0,0,0,0,robo autopartes
AMECA,0,0,1,0,1,2,2,robo autopartes
ARANDAS,0,0,1,0,0,0,0,robo autopartes
ATEMAJAC DE BRIZUELA,0,0,0,0,0,0,0,robo autopartes
ATENGO,0,0,0,0,0,0,0,robo autopartes
ATENGUILLO,0,0,0,0,0,0,0,robo autopartes
ATOTONILCO EL ALTO,0,1,0,0,0,0,0,robo autopartes
ATOYAC,0,1,0,2,0,0,0,robo autopartes
AUTLAN DE NAVARRO,4,3,4,2,4,2,0,robo autopartes
AYOTLAN,0,0,0,0,0,0,0,robo autopartes
AYUTLA,0,0,0,0,0,0,0,robo autopartes
BOLAÑOS,0,0,0,0,0,0,0,robo autopartes
CABO CORRIENTES,0,1,0,0,0,1,0,robo autopartes
CAÑADAS DE OBREGON,0,0,0,0,0,0,0,robo autopartes
CASIMIRO CASTILLO,1,0,1,0,0,1,0,robo autopartes
CHAPALA,2,3,1,4,2,8,1,robo autopartes
CHIMALTITAN,0,0,0,0,0,0,0,robo autopartes
CHIQUILISTLAN,0,0,0,0,0,0,0,robo autopartes
CIHUATLAN,0,0,0,0,0,0,0,robo autopartes
COCULA,4,4,0,0,0,2,0,robo autopartes
COLOTLAN,0,0,0,0,0,2,2,robo autopartes
CONCEPCION DE BUENOS AIRES,0,0,0,0,0,0,0,robo autopartes
CUAUTITLAN DE GARCIA BARRAGAN,0,0,0,0,0,0,0,robo autopartes
CUAUTLA,0,0,0,0,0,0,0,robo autopartes
CUQUIO,0,0,0,0,0,0,0,robo autopartes
DEGOLLADO,0,0,0,0,0,0,0,robo autopartes
EJUTLA,0,0,0,0,0,0,0,robo autopartes
EL ARENAL,1,0,0,2,0,0,0,robo autopartes
EL GRULLO,0,1,0,0,3,0,0,robo autopartes
EL LIMON,0,0,0,0,0,1,0,robo autopartes
EL SALTO,1,0,2,10,16,21,5,robo autopartes
ENCARNACION DE DIAZ,0,1,1,2,0,1,0,robo autopartes
ETZATLAN,0,0,0,0,1,0,0,robo autopartes
GOMEZ FARIAS,0,1,1,0,0,2,0,robo autopartes
GUACHINANGO,1,0,0,0,0,1,0,robo autopartes
GUADALAJARA,259,106,71,803,1379,1379,318,robo autopartes
HOSTOTIPAQUILLO,0,0,0,0,0,0,0,robo autopartes
HUEJUCAR,0,0,0,0,0,0,0,robo autopartes
HUEJUQUILLA EL ALTO,2,0,0,0,0,0,0,robo autopartes
IXTLAHUACAN DE LOS MEMBRILLOS,1,1,0,4,1,0,0,robo autopartes
IXTLAHUACAN DEL RIO,0,0,3,1,0,0,0,robo autopartes
JALOSTOTITLAN,0,1,3,3,1,0,0,robo autopartes
JAMAY,0,0,0,0,0,0,0,robo autopartes
JESUS MARIA,0,0,1,0,0,0,1,robo autopartes
JILOTLAN DE LOS DOLORES,0,0,0,0,0,0,0,robo autopartes
JOCOTEPEC,0,0,0,0,0,1,1,robo autopartes
JUANACATLAN,0,0,1,0,3,0,0,robo autopartes
JUCHITLAN,0,0,0,0,0,1,0,robo autopartes
LA BARCA,1,0,0,0,0,1,0,robo autopartes
LA HUERTA,0,0,0,0,0,0,0,robo autopartes
LA MANZANILLA DE LA PAZ,0,0,0,0,0,0,0,robo autopartes
LAGOS DE MORENO,3,16,11,10,2,0,0,robo autopartes
MAGDALENA,0,0,0,0,0,1,0,robo autopartes
MASCOTA,0,1,1,1,0,0,0,robo autopartes
MAZAMITLA,0,1,0,0,0,0,0,robo autopartes
MEXTICACAN,0,0,0,0,0,0,0,robo autopartes
MEZQUITIC,0,0,0,0,0,0,0,robo autopartes
MIXTLAN,0,0,0,0,0,0,0,robo autopartes
OCOTLAN,3,2,2,1,0,3,0,robo autopartes
OJUELOS DE JALISCO,0,0,0,0,0,0,0,robo autopartes
PIHUAMO,0,0,0,0,0,0,0,robo autopartes
PONCITLAN,0,2,0,0,0,0,0,robo autopartes
PUERTO VALLARTA,6,10,55,23,28,23,6,robo autopartes
QUITUPAN,0,0,0,0,0,0,0,robo autopartes
SAN CRISTOBAL DE LA BARRANCA,0,0,0,0,0,0,0,robo autopartes
SAN DIEGO DE ALEJANDRIA,0,0,0,0,0,0,0,robo autopartes
SAN GABRIEL,0,0,1,0,0,0,0,robo autopartes
SAN IGNACIO CERRO GORDO,0,0,0,0,0,0,0,robo autopartes
SAN JUAN DE LOS LAGOS,0,6,8,1,5,0,0,robo autopartes
SAN JUANITO DE ESCOBEDO,0,0,0,0,0,0,0,robo autopartes
SAN JULIAN,0,1,0,0,0,0,0,robo autopartes
SAN MARCOS,0,0,0,0,0,0,0,robo autopartes
SAN MARTIN DE BOLAÑOS,0,0,0,0,0,0,0,robo autopartes
SAN MARTIN DE HIDALGO,0,0,0,0,0,0,0,robo autopartes
SAN MIGUEL EL ALTO,0,0,1,2,0,0,1,robo autopartes
SAN PEDRO TLAQUEPAQUE,36,25,12,62,140,147,25,robo autopartes
SAN SEBASTIAN DEL OESTE,0,0,0,0,0,0,0,robo autopartes
SANTA MARIA DE LOS ANGELES,0,0,0,0,0,0,0,robo autopartes
SANTA MARIA DEL ORO,0,0,0,0,0,0,0,robo autopartes
SAYULA,2,3,6,1,2,1,0,robo autopartes
TALA,0,0,0,1,2,5,1,robo autopartes
TALPA DE ALLENDE,2,0,0,0,1,2,0,robo autopartes
TAMAZULA DE GORDIANO,0,1,1,0,0,0,0,robo autopartes
TAPALPA,0,0,0,0,0,0,0,robo autopartes
TECALITLAN,0,1,0,0,0,0,0,robo autopartes
TECHALUTA DE MONTENEGRO,0,1,0,0,0,0,0,robo autopartes
TECOLOTLAN,0,2,1,1,1,0,0,robo autopartes
TENAMAXTLAN,0,0,0,0,0,0,0,robo autopartes
TEOCALTICHE,2,1,2,0,0,0,0,robo autopartes
TEOCUITATLAN DE CORONA,0,0,0,0,0,0,0,robo autopartes
TEPATITLAN DE MORELOS,0,5,35,6,4,2,2,robo autopartes
TEQUILA,2,0,1,1,0,0,1,robo autopartes
TEUCHITLAN,0,0,0,0,0,0,0,robo autopartes
TIZAPAN EL ALTO,0,0,0,0,0,0,0,robo autopartes
TLAJOMULCO DE ZUÑIGA,20,9,21,57,134,171,18,robo autopartes
TOLIMAN,0,0,0,0,0,0,0,robo autopartes
TOMATLAN,4,4,0,0,0,4,0,robo autopartes
TONALA,14,7,2,35,72,62,18,robo autopartes
TONAYA,1,0,0,0,0,0,0,robo autopartes
TONILA,1,0,0,0,0,0,0,robo autopartes
TOTATICHE,0,0,0,0,0,0,0,robo autopartes
TOTOTLAN,1,0,0,0,1,0,0,robo autopartes
TUXCACUESCO,0,0,0,0,0,0,0,robo autopartes
TUXCUECA,0,0,0,0,0,0,0,robo autopartes
TUXPAN,1,0,4,2,1,2,0,robo autopartes
UNION DE SAN ANTONIO,0,1,0,0,0,0,0,robo autopartes
UNION DE TULA,0,0,0,0,0,0,0,robo autopartes
VALLE DE GUADALUPE,0,0,0,0,0,0,1,robo autopartes
VALLE DE JUAREZ,0,0,0,0,0,0,0,robo autopartes
VILLA CORONA,0,0,0,1,0,0,0,robo autopartes
VILLA GUERRERO,1,0,0,0,0,0,0,robo autopartes
VILLA HIDALGO,0,0,0,1,0,0,0,robo autopartes
VILLA PURIFICACION,0,0,0,0,0,0,0,robo autopartes
YAHUALICA DE GONZALEZ GALLO,0,0,1,0,0,0,0,robo autopartes
ZACOALCO DE TORRES,1,2,0,1,1,0,0,robo autopartes
ZAPOPAN,102,26,23,278,533,474,123,robo autopartes
ZAPOTILTIC,1,0,2,3,1,1,1,robo autopartes
ZAPOTITLAN DE VADILLO,0,0,0,0,0,0,0,robo autopartes
ZAPOTLAN DEL REY,0,0,0,0,0,0,0,robo autopartes
ZAPOTLAN EL GRANDE,3,24,38,16,6,3,1,robo autopartes
ZAPOTLANEJO,0,0,1,1,3,3,0,robo autopartes
ACATIC,0,0,0,0,0,0,0,robo bancos
ACATLAN DE JUAREZ,0,0,0,0,0,0,0,robo bancos
AHUALULCO DE MERCADO,0,0,0,0,0,0,0,robo bancos
AMACUECA,0,0,0,0,0,0,0,robo bancos
AMATITAN,0,0,0,0,0,0,0,robo bancos
AMECA,0,0,0,0,0,0,0,robo bancos
ARANDAS,0,0,0,0,0,0,0,robo bancos
ATEMAJAC DE BRIZUELA,0,0,0,0,0,0,0,robo bancos
ATENGO,0,0,0,0,0,0,0,robo bancos
ATENGUILLO,0,0,0,0,0,0,0,robo bancos
ATOTONILCO EL ALTO,0,0,0,0,0,0,0,robo bancos
ATOYAC,0,0,0,0,0,0,0,robo bancos
AUTLAN DE NAVARRO,0,0,0,0,0,0,0,robo bancos
AYOTLAN,0,0,0,0,0,0,0,robo bancos
AYUTLA,0,0,0,0,0,0,0,robo bancos
BOLAÑOS,0,0,0,0,0,0,0,robo bancos
CABO CORRIENTES,0,0,0,0,0,0,0,robo bancos
CAÑADAS DE OBREGON,0,0,0,0,0,0,0,robo bancos
CASIMIRO CASTILLO,0,0,0,0,0,0,0,robo bancos
CHAPALA,0,1,0,0,0,0,0,robo bancos
CHIMALTITAN,0,0,0,0,0,0,0,robo bancos
CHIQUILISTLAN,0,0,0,0,0,0,0,robo bancos
CIHUATLAN,0,0,0,0,0,0,0,robo bancos
COCULA,0,0,0,0,0,1,0,robo bancos
COLOTLAN,0,0,0,0,0,0,0,robo bancos
CONCEPCION DE BUENOS AIRES,0,0,0,0,0,0,0,robo bancos
CUAUTITLAN DE GARCIA BARRAGAN,0,0,0,0,0,0,0,robo bancos
CUAUTLA,0,0,0,0,0,0,0,robo bancos
CUQUIO,0,0,0,0,0,0,0,robo bancos
DEGOLLADO,0,0,0,0,0,0,0,robo bancos
EJUTLA,0,0,0,0,0,0,0,robo bancos
EL ARENAL,0,0,0,0,0,0,0,robo bancos
EL GRULLO,0,0,0,0,0,0,0,robo bancos
EL LIMON,0,0,0,0,0,0,0,robo bancos
EL SALTO,1,1,1,1,1,0,0,robo bancos
ENCARNACION DE DIAZ,0,0,0,0,0,0,0,robo bancos
ETZATLAN,0,0,0,0,0,0,0,robo bancos
GOMEZ FARIAS,0,0,0,0,0,0,0,robo bancos
GUACHINANGO,0,0,0,0,0,0,0,robo bancos
GUADALAJARA,84,29,25,41,9,12,3,robo bancos
HOSTOTIPAQUILLO,0,0,0,0,0,0,0,robo bancos
HUEJUCAR,0,0,0,0,0,0,0,robo bancos
HUEJUQUILLA EL ALTO,0,0,0,0,0,0,0,robo bancos
IXTLAHUACAN DE LOS MEMBRILLOS,0,0,0,0,0,0,0,robo bancos
IXTLAHUACAN DEL RIO,0,0,0,0,0,0,0,robo bancos
JALOSTOTITLAN,1,0,0,0,0,0,0,robo bancos
JAMAY,0,0,0,0,0,0,0,robo bancos
JESUS MARIA,0,0,0,0,0,0,0,robo bancos
JILOTLAN DE LOS DOLORES,0,0,0,0,0,0,0,robo bancos
JOCOTEPEC,0,0,0,0,0,0,0,robo bancos
JUANACATLAN,1,0,0,0,0,0,0,robo bancos
JUCHITLAN,0,0,0,0,0,0,0,robo bancos
LA BARCA,0,0,0,0,0,0,0,robo bancos
LA HUERTA,0,0,0,0,0,0,0,robo bancos
LA MANZANILLA DE LA PAZ,0,0,0,0,0,0,0,robo bancos
LAGOS DE MORENO,0,0,0,0,0,0,0,robo bancos
MAGDALENA,0,0,0,0,0,0,0,robo bancos
MASCOTA,0,0,0,0,0,0,0,robo bancos
MAZAMITLA,0,0,0,0,1,0,0,robo bancos
MEXTICACAN,0,0,0,0,0,0,0,robo bancos
MEZQUITIC,0,0,0,0,0,0,0,robo bancos
MIXTLAN,0,0,0,0,0,0,0,robo bancos
OCOTLAN,0,0,0,0,0,0,0,robo bancos
OJUELOS DE JALISCO,0,0,0,0,0,0,0,robo bancos
PIHUAMO,0,0,0,0,0,0,0,robo bancos
PONCITLAN,0,0,0,0,0,1,0,robo bancos
PUERTO VALLARTA,2,3,1,1,0,1,0,robo bancos
QUITUPAN,0,0,0,0,0,0,0,robo bancos
SAN CRISTOBAL DE LA BARRANCA,0,0,0,0,0,0,0,robo bancos
SAN DIEGO DE ALEJANDRIA,0,0,0,0,0,0,0,robo bancos
SAN GABRIEL,0,0,0,0,0,0,0,robo bancos
SAN IGNACIO CERRO GORDO,0,0,0,0,0,0,0,robo bancos
SAN JUAN DE LOS LAGOS,0,0,0,0,0,0,0,robo bancos
SAN JUANITO DE ESCOBEDO,0,0,0,0,0,0,0,robo bancos
SAN JULIAN,0,0,0,0,0,0,0,robo bancos
SAN MARCOS,0,0,0,0,0,0,0,robo bancos
SAN MARTIN DE BOLAÑOS,0,0,0,0,0,0,0,robo bancos
SAN MARTIN DE HIDALGO,0,0,0,0,0,0,0,robo bancos
SAN MIGUEL EL ALTO,0,0,0,0,0,0,0,robo bancos
SAN PEDRO TLAQUEPAQUE,11,4,9,6,2,5,3,robo bancos
SAN SEBASTIAN DEL OESTE,0,0,0,0,0,0,0,robo bancos
SANTA MARIA DE LOS ANGELES,0,0,0,0,0,0,0,robo bancos
SANTA MARIA DEL ORO,0,0,0,0,0,0,0,robo bancos
SAYULA,0,0,0,0,0,0,0,robo bancos
TALA,0,0,0,0,0,0,0,robo bancos
TALPA DE ALLENDE,0,0,0,0,0,0,0,robo bancos
TAMAZULA DE GORDIANO,0,0,0,0,0,0,0,robo bancos
TAPALPA,0,0,0,0,0,0,0,robo bancos
TECALITLAN,0,0,0,0,0,0,0,robo bancos
TECHALUTA DE MONTENEGRO,0,0,0,0,0,0,0,robo bancos
TECOLOTLAN,0,0,0,0,0,0,0,robo bancos
TENAMAXTLAN,0,0,0,0,0,0,0,robo bancos
TEOCALTICHE,0,0,0,0,0,0,0,robo bancos
TEOCUITATLAN DE CORONA,0,0,1,0,0,0,0,robo bancos
TEPATITLAN DE MORELOS,0,0,1,2,1,0,0,robo bancos
TEQUILA,0,0,0,0,0,0,0,robo bancos
TEUCHITLAN,0,0,0,0,0,0,0,robo bancos
TIZAPAN EL ALTO,0,0,0,0,0,0,0,robo bancos
TLAJOMULCO DE ZUÑIGA,4,1,0,2,0,0,0,robo bancos
TOLIMAN,0,0,0,0,0,0,0,robo bancos
TOMATLAN,0,0,0,0,0,0,0,robo bancos
TONALA,11,7,6,6,2,6,1,robo bancos
TONAYA,0,0,0,0,0,0,0,robo bancos
TONILA,0,0,0,0,0,0,0,robo bancos
TOTATICHE,0,0,0,0,0,0,0,robo bancos
TOTOTLAN,0,0,0,0,0,0,0,robo bancos
TUXCACUESCO,0,0,0,0,0,0,0,robo bancos
TUXCUECA,0,0,0,0,0,0,0,robo bancos
TUXPAN,0,0,0,0,0,0,0,robo bancos
UNION DE SAN ANTONIO,0,0,0,0,0,0,0,robo bancos
UNION DE TULA,0,0,0,0,0,0,0,robo bancos
VALLE DE GUADALUPE,0,0,0,0,0,0,0,robo bancos
VALLE DE JUAREZ,0,0,0,0,0,0,0,robo bancos
VILLA CORONA,0,0,0,0,0,0,0,robo bancos
VILLA GUERRERO,0,0,0,0,0,0,0,robo bancos
VILLA HIDALGO,0,0,0,0,0,0,0,robo bancos
VILLA PURIFICACION,0,0,0,0,0,0,0,robo bancos
YAHUALICA DE GONZALEZ GALLO,0,0,0,0,0,0,0,robo bancos
ZACOALCO DE TORRES,0,0,0,0,0,0,0,robo bancos
ZAPOPAN,23,12,10,10,6,6,0,robo bancos
ZAPOTILTIC,0,0,0,0,0,0,0,robo bancos
ZAPOTITLAN DE VADILLO,0,1,0,0,0,0,0,robo bancos
ZAPOTLAN DEL REY,0,0,0,0,0,0,0,robo bancos
ZAPOTLAN EL GRANDE,0,0,0,2,0,0,0,robo bancos
ZAPOTLANEJO,1,0,1,0,1,0,0,robo bancos
ACATIC,2,0,0,1,1,1,0,robo carga pesada
ACATLAN DE JUAREZ,18,15,25,20,38,25,0,robo carga pesada
AHUALULCO DE MERCADO,1,0,0,2,0,2,0,robo carga pesada
AMACUECA,0,0,0,0,0,0,0,robo carga pesada
AMATITAN,2,2,0,0,0,1,0,robo carga pesada
AMECA,1,3,2,4,1,1,0,robo carga pesada
ARANDAS,5,0,2,1,3,1,0,robo carga pesada
ATEMAJAC DE BRIZUELA,0,0,0,2,1,0,0,robo carga pesada
ATENGO,0,0,0,0,0,0,0,robo carga pesada
ATENGUILLO,0,0,0,0,0,0,0,robo carga pesada
ATOTONILCO EL ALTO,4,2,1,1,3,0,1,robo carga pesada
ATOYAC,0,4,1,1,0,0,0,robo carga pesada
AUTLAN DE NAVARRO,0,0,0,0,0,0,0,robo carga pesada
AYOTLAN,1,0,0,1,0,0,0,robo carga pesada
AYUTLA,0,0,0,0,0,0,0,robo carga pesada
BOLAÑOS,0,0,0,0,0,0,0,robo carga pesada
CABO CORRIENTES,0,0,0,0,0,0,0,robo carga pesada
CAÑADAS DE OBREGON,0,0,0,0,0,0,0,robo carga pesada
CASIMIRO CASTILLO,0,0,0,0,0,0,0,robo carga pesada
CHAPALA,2,0,2,4,3,1,0,robo carga pesada
CHIMALTITAN,0,0,0,0,0,0,0,robo carga pesada
CHIQUILISTLAN,0,0,0,0,0,0,0,robo carga pesada
CIHUATLAN,0,0,0,0,1,0,0,robo carga pesada
COCULA,3,6,1,3,5,2,0,robo carga pesada
COLOTLAN,0,0,0,0,0,0,0,robo carga pesada
CONCEPCION DE BUENOS AIRES,0,0,0,0,0,0,0,robo carga pesada
CUAUTITLAN DE GARCIA BARRAGAN,0,0,0,0,0,0,0,robo carga pesada
CUAUTLA,0,0,0,0,0,0,0,robo carga pesada
CUQUIO,0,0,0,0,0,0,0,robo carga pesada
DEGOLLADO,3,1,0,1,1,1,0,robo carga pesada
EJUTLA,0,0,0,0,0,0,0,robo carga pesada
EL ARENAL,5,16,6,8,7,3,0,robo carga pesada
EL GRULLO,0,0,0,0,0,0,0,robo carga pesada
EL LIMON,0,0,0,0,0,0,0,robo carga pesada
EL SALTO,21,24,20,30,27,33,6,robo carga pesada
ENCARNACION DE DIAZ,3,5,4,6,9,1,0,robo carga pesada
ETZATLAN,0,0,0,1,0,0,0,robo carga pesada
GOMEZ FARIAS,1,0,0,0,0,0,0,robo carga pesada
GUACHINANGO,0,0,0,0,0,0,0,robo carga pesada
GUADALAJARA,27,19,39,99,124,100,13,robo carga pesada
HOSTOTIPAQUILLO,1,6,3,0,3,1,0,robo carga pesada
HUEJUCAR,0,0,0,0,0,0,0,robo carga pesada
HUEJUQUILLA EL ALTO,0,0,0,0,0,0,0,robo carga pesada
IXTLAHUACAN DE LOS MEMBRILLOS,6,5,9,18,13,9,1,robo carga pesada
IXTLAHUACAN DEL RIO,0,0,2,0,1,1,0,robo carga pesada
JALOSTOTITLAN,6,11,3,4,7,1,0,robo carga pesada
JAMAY,3,0,4,1,3,3,0,robo carga pesada
JESUS MARIA,2,0,5,4,4,2,0,robo carga pesada
JILOTLAN DE LOS DOLORES,0,0,0,0,0,0,0,robo carga pesada
JOCOTEPEC,0,0,0,1,5,0,1,robo carga pesada
JUANACATLAN,0,0,0,0,2,0,0,robo carga pesada
JUCHITLAN,0,0,0,0,0,0,0,robo carga pesada
LA BARCA,13,8,4,7,3,8,0,robo carga pesada
LA HUERTA,0,0,0,0,0,0,0,robo carga pesada
LA MANZANILLA DE LA PAZ,0,0,0,0,1,3,0,robo carga pesada
LAGOS DE MORENO,19,20,17,28,45,33,0,robo carga pesada
MAGDALENA,2,2,0,2,5,4,1,robo carga pesada
MASCOTA,1,0,0,0,0,0,0,robo carga pesada
MAZAMITLA,2,0,0,0,1,0,0,robo carga pesada
MEXTICACAN,0,0,0,0,0,0,0,robo carga pesada
MEZQUITIC,0,0,0,0,0,0,0,robo carga pesada
MIXTLAN,0,0,0,0,0,0,0,robo carga pesada
OCOTLAN,9,5,2,7,5,5,0,robo carga pesada
OJUELOS DE JALISCO,2,0,2,4,4,5,0,robo carga pesada
PIHUAMO,0,0,0,0,1,0,0,robo carga pesada
PONCITLAN,7,11,7,5,4,7,1,robo carga pesada
PUERTO VALLARTA,2,0,2,0,1,0,0,robo carga pesada
QUITUPAN,0,0,0,0,0,0,0,robo carga pesada
SAN CRISTOBAL DE LA BARRANCA,0,0,0,0,0,0,0,robo carga pesada
SAN DIEGO DE ALEJANDRIA,1,2,5,1,2,0,0,robo carga pesada
SAN GABRIEL,0,1,1,0,1,0,0,robo carga pesada
SAN IGNACIO CERRO GORDO,0,0,0,0,0,1,0,robo carga pesada
SAN JUAN DE LOS LAGOS,7,2,5,13,15,4,0,robo carga pesada
SAN JUANITO DE ESCOBEDO,0,1,0,0,0,0,0,robo carga pesada
SAN JULIAN,0,0,3,3,2,0,0,robo carga pesada
SAN MARCOS,0,1,0,0,0,0,0,robo carga pesada
SAN MARTIN DE BOLAÑOS,0,0,0,0,0,0,0,robo carga pesada
SAN MARTIN DE HIDALGO,2,0,0,0,0,1,0,robo carga pesada
SAN MIGUEL EL ALTO,2,5,4,5,0,1,0,robo carga pesada
SAN PEDRO TLAQUEPAQUE,37,38,71,97,142,111,12,robo carga pesada
SAN SEBASTIAN DEL OESTE,0,0,0,0,0,0,0,robo carga pesada
SANTA MARIA DE LOS ANGELES,0,0,0,0,0,0,0,robo carga pesada
SANTA MARIA DEL ORO,0,0,0,0,0,0,0,robo carga pesada
SAYULA,5,4,15,6,8,1,0,robo carga pesada
TALA,3,10,4,4,2,7,0,robo carga pesada
TALPA DE ALLENDE,0,0,0,0,0,0,0,robo carga pesada
TAMAZULA DE GORDIANO,1,0,1,2,1,0,0,robo carga pesada
TAPALPA,0,0,0,0,1,0,0,robo carga pesada
TECALITLAN,0,0,1,1,1,0,0,robo carga pesada
TECHALUTA DE MONTENEGRO,1,1,0,2,3,0,0,robo carga pesada
TECOLOTLAN,0,1,0,10,0,1,0,robo carga pesada
TENAMAXTLAN,0,0,0,0,0,0,0,robo carga pesada
TEOCALTICHE,1,0,0,0,0,0,0,robo carga pesada
TEOCUITATLAN DE CORONA,1,0,0,0,2,0,0,robo carga pesada
TEPATITLAN DE MORELOS,18,8,5,10,12,8,0,robo carga pesada
TEQUILA,5,6,3,0,3,3,1,robo carga pesada
TEUCHITLAN,0,4,0,0,0,0,0,robo carga pesada
TIZAPAN EL ALTO,0,1,0,1,0,0,0,robo carga pesada
TLAJOMULCO DE ZUÑIGA,51,49,59,104,104,97,7,robo carga pesada
TOLIMAN,0,0,0,0,1,0,0,robo carga pesada
TOMATLAN,0,0,0,0,0,0,0,robo carga pesada
TONALA,20,8,27,45,53,55,8,robo carga pesada
TONAYA,0,0,0,0,0,0,0,robo carga pesada
TONILA,0,2,2,2,4,7,0,robo carga pesada
TOTATICHE,0,0,0,0,0,0,0,robo carga pesada
TOTOTLAN,8,5,5,4,0,0,0,robo carga pesada
TUXCACUESCO,0,0,0,0,0,0,0,robo carga pesada
TUXCUECA,0,0,1,0,1,0,0,robo carga pesada
TUXPAN,3,0,4,8,9,9,0,robo carga pesada
UNION DE SAN ANTONIO,0,3,2,3,2,2,0,robo carga pesada
UNION DE TULA,0,0,2,0,0,0,0,robo carga pesada
VALLE DE GUADALUPE,0,2,1,1,1,0,0,robo carga pesada
VALLE DE JUAREZ,1,0,0,0,0,0,0,robo carga pesada
VILLA CORONA,3,2,0,3,1,0,0,robo carga pesada
VILLA GUERRERO,0,0,0,0,0,0,0,robo carga pesada
VILLA HIDALGO,0,0,1,0,0,0,0,robo carga pesada
VILLA PURIFICACION,0,0,0,0,0,0,0,robo carga pesada
YAHUALICA DE GONZALEZ GALLO,1,0,0,0,0,0,0,robo carga pesada
ZACOALCO DE TORRES,4,3,3,5,8,2,0,robo carga pesada
ZAPOPAN,16,18,35,52,70,63,5,robo carga pesada
ZAPOTILTIC,0,2,2,3,6,4,0,robo carga pesada
ZAPOTITLAN DE VADILLO,0,0,0,0,0,0,0,robo carga pesada
ZAPOTLAN DEL REY,4,2,2,5,0,1,0,robo carga pesada
ZAPOTLAN EL GRANDE,4,9,14,20,23,9,0,robo carga pesada
ZAPOTLANEJO,15,17,21,26,30,18,1,robo carga pesada
ACATIC,5,7,13,3,20,11,0,robo casa habitación
ACATLAN DE JUAREZ,35,18,10,66,32,48,5,robo casa habitación
AHUALULCO DE MERCADO,10,17,29,34,21,6,3,robo casa habitación
AMACUECA,2,2,1,3,1,0,0,robo casa habitación
AMATITAN,1,5,2,3,8,10,1,robo casa habitación
AMECA,99,71,66,64,70,57,13,robo casa habitación
ARANDAS,61,31,14,50,51,29,5,robo casa habitación
ATEMAJAC DE BRIZUELA,3,2,1,2,1,0,0,robo casa habitación
ATENGO,0,0,1,3,4,0,0,robo casa habitación
ATENGUILLO,4,0,1,3,2,7,1,robo casa habitación
ATOTONILCO EL ALTO,31,16,8,28,16,16,4,robo casa habitación
ATOYAC,8,1,5,2,2,1,0,robo casa habitación
AUTLAN DE NAVARRO,73,57,71,131,94,131,23,robo casa habitación
AYOTLAN,3,13,6,2,1,5,0,robo casa habitación
AYUTLA,11,6,5,3,1,8,2,robo casa habitación
BOLAÑOS,0,0,0,0,0,1,0,robo casa habitación
CABO CORRIENTES,19,6,9,3,11,3,2,robo casa habitación
CAÑADAS DE OBREGON,1,0,0,0,0,0,0,robo casa habitación
CASIMIRO CASTILLO,21,4,12,18,9,9,1,robo casa habitación
CHAPALA,146,138,137,107,93,133,26,robo casa habitación
CHIMALTITAN,0,0,0,0,1,0,0,robo casa habitación
CHIQUILISTLAN,0,0,0,2,1,0,0,robo casa habitación
CIHUATLAN,71,58,28,39,59,50,19,robo casa habitación
COCULA,28,31,32,32,23,9,2,robo casa habitación
COLOTLAN,5,4,5,21,27,21,1,robo casa habitación
CONCEPCION DE BUENOS AIRES,1,1,4,0,0,1,0,robo casa habitación
CUAUTITLAN DE GARCIA BARRAGAN,6,14,5,6,3,4,0,robo casa habitación
CUAUTLA,1,0,0,1,0,2,0,robo casa habitación
CUQUIO,6,7,4,6,9,10,0,robo casa habitación
DEGOLLADO,9,14,5,5,8,11,2,robo casa habitación
EJUTLA,0,0,0,1,0,0,0,robo casa habitación
EL ARENAL,11,11,16,27,23,45,15,robo casa habitación
EL GRULLO,18,5,8,26,17,10,3,robo casa habitación
EL LIMON,2,1,2,2,1,4,0,robo casa habitación
EL SALTO,104,144,133,184,459,334,39,robo casa habitación
ENCARNACION DE DIAZ,21,22,24,27,22,16,2,robo casa habitación
ETZATLAN,7,7,6,8,9,6,2,robo casa habitación
GOMEZ FARIAS,7,3,6,13,3,2,0,robo casa habitación
GUACHINANGO,2,0,2,1,2,4,3,robo casa habitación
GUADALAJARA,1529,1223,565,1254,2253,1807,413,robo casa habitación
HOSTOTIPAQUILLO,1,1,0,1,1,0,0,robo casa habitación
HUEJUCAR,2,2,1,1,1,0,0,robo casa habitación
HUEJUQUILLA EL ALTO,5,1,4,4,4,0,0,robo casa habitación
IXTLAHUACAN DE LOS MEMBRILLOS,66,85,63,80,87,47,19,robo casa habitación
IXTLAHUACAN DEL RIO,10,11,12,8,10,8,3,robo casa habitación
JALOSTOTITLAN,22,22,23,24,21,14,7,robo casa habitación
JAMAY,12,6,9,12,7,7,1,robo casa habitación
JESUS MARIA,9,11,14,10,7,9,0,robo casa habitación
JILOTLAN DE LOS DOLORES,0,2,1,0,1,0,0,robo casa habitación
JOCOTEPEC,28,58,42,65,54,74,19,robo casa habitación
JUANACATLAN,15,12,13,22,44,14,1,robo casa habitación
JUCHITLAN,1,2,1,3,0,1,3,robo casa habitación
LA BARCA,11,13,10,15,33,39,2,robo casa habitación
LA HUERTA,28,21,12,11,12,13,5,robo casa habitación
LA MANZANILLA DE LA PAZ,1,0,4,0,2,0,0,robo casa habitación
LAGOS DE MORENO,159,168,198,265,150,124,30,robo casa habitación
MAGDALENA,8,8,17,2,14,4,1,robo casa habitación
MASCOTA,8,13,11,8,2,2,1,robo casa habitación
MAZAMITLA,12,8,11,23,14,12,3,robo casa habitación
MEXTICACAN,0,0,0,1,0,1,0,robo casa habitación
MEZQUITIC,4,0,2,2,0,0,1,robo casa habitación
MIXTLAN,1,0,0,3,2,3,4,robo casa habitación
OCOTLAN,48,52,62,61,50,62,28,robo casa habitación
OJUELOS DE JALISCO,6,8,9,5,8,5,5,robo casa habitación
PIHUAMO,1,3,9,4,1,0,1,robo casa habitación
PONCITLAN,26,18,11,16,25,27,3,robo casa habitación
PUERTO VALLARTA,550,500,583,643,591,647,202,robo casa habitación
QUITUPAN,6,2,7,1,2,1,0,robo casa habitación
SAN CRISTOBAL DE LA BARRANCA,1,0,2,0,2,1,0,robo casa habitación
SAN DIEGO DE ALEJANDRIA,2,1,1,1,1,0,0,robo casa habitación
SAN GABRIEL,5,3,5,5,12,1,0,robo casa habitación
SAN IGNACIO CERRO GORDO,6,2,2,6,7,3,1,robo casa habitación
SAN JUAN DE LOS LAGOS,48,46,51,40,44,22,3,robo casa habitación
SAN JUANITO DE ESCOBEDO,6,2,5,6,7,2,0,robo casa habitación
SAN JULIAN,7,4,6,6,3,2,0,robo casa habitación
SAN MARCOS,3,2,3,4,0,1,0,robo casa habitación
SAN MARTIN DE BOLAÑOS,1,2,1,1,0,1,0,robo casa habitación
SAN MARTIN DE HIDALGO,17,22,15,16,15,6,4,robo casa habitación
SAN MIGUEL EL ALTO,29,22,15,18,11,12,1,robo casa habitación
SAN PEDRO TLAQUEPAQUE,546,378,164,582,711,570,112,robo casa habitación
SAN SEBASTIAN DEL OESTE,2,7,2,0,2,0,0,robo casa habitación
SANTA MARIA DE LOS ANGELES,2,1,0,0,1,1,0,robo casa habitación
SANTA MARIA DEL ORO,0,1,0,0,0,0,0,robo casa habitación
SAYULA,31,31,24,13,28,15,3,robo casa habitación
TALA,57,86,79,132,143,71,53,robo casa habitación
TALPA DE ALLENDE,14,10,10,15,23,16,2,robo casa habitación
TAMAZULA DE GORDIANO,18,23,30,26,2,9,0,robo casa habitación
TAPALPA,4,5,4,4,3,3,1,robo casa habitación
TECALITLAN,3,7,4,3,1,2,0,robo casa habitación
TECHALUTA DE MONTENEGRO,0,0,1,1,2,2,1,robo casa habitación
TECOLOTLAN,6,2,10,13,18,4,2,robo casa habitación
TENAMAXTLAN,0,2,3,2,2,0,0,robo casa habitación
TEOCALTICHE,19,7,5,4,3,0,4,robo casa habitación
TEOCUITATLAN DE CORONA,2,2,1,1,3,1,0,robo casa habitación
TEPATITLAN DE MORELOS,155,150,143,158,155,123,30,robo casa habitación
TEQUILA,34,27,29,24,23,21,5,robo casa habitación
TEUCHITLAN,4,4,0,4,3,5,0,robo casa habitación
TIZAPAN EL ALTO,2,1,5,17,5,0,0,robo casa habitación
TLAJOMULCO DE ZUÑIGA,570,623,756,949,1518,1003,184,robo casa habitación
TOLIMAN,2,1,0,0,1,0,0,robo casa habitación
TOMATLAN,37,32,30,18,13,6,1,robo casa habitación
TONALA,342,297,196,546,705,538,126,robo casa habitación
TONAYA,2,0,2,1,0,1,0,robo casa habitación
TONILA,3,2,1,0,2,0,0,robo casa habitación
TOTATICHE,1,0,0,1,2,1,1,robo casa habitación
TOTOTLAN,11,9,9,11,12,7,0,robo casa habitación
TUXCACUESCO,0,1,0,1,1,0,0,robo casa habitación
TUXCUECA,1,4,3,2,1,3,0,robo casa habitación
TUXPAN,13,18,14,4,7,9,2,robo casa habitación
UNION DE SAN ANTONIO,8,6,2,5,2,7,0,robo casa habitación
UNION DE TULA,4,11,3,7,13,8,3,robo casa habitación
VALLE DE GUADALUPE,0,2,2,5,5,3,2,robo casa habitación
VALLE DE JUAREZ,0,5,4,1,2,2,0,robo casa habitación
VILLA CORONA,7,13,15,22,26,19,4,robo casa habitación
VILLA GUERRERO,3,3,1,0,5,0,0,robo casa habitación
VILLA HIDALGO,7,9,4,2,2,1,3,robo casa habitación
VILLA PURIFICACION,10,2,7,4,9,8,1,robo casa habitación
YAHUALICA DE GONZALEZ GALLO,12,20,18,13,12,12,2,robo casa habitación
ZACOALCO DE TORRES,19,10,13,29,7,7,2,robo casa habitación
ZAPOPAN,1522,1018,464,1256,1988,1648,495,robo casa habitación
ZAPOTILTIC,11,8,13,14,17,22,3,robo casa habitación
ZAPOTITLAN DE VADILLO,2,0,0,2,1,2,0,robo casa habitación
ZAPOTLAN DEL REY,3,3,1,3,5,3,0,robo casa habitación
ZAPOTLAN EL GRANDE,144,127,187,125,95,93,20,robo casa habitación
ZAPOTLANEJO,46,37,22,47,45,40,5,robo casa habitación
ACATIC,0,0,0,0,1,0,0,robo cuentahabiente
ACATLAN DE JUAREZ,0,0,1,0,0,3,0,robo cuentahabiente
AHUALULCO DE MERCADO,0,0,0,0,0,0,0,robo cuentahabiente
AMACUECA,0,0,0,0,0,0,0,robo cuentahabiente
AMATITAN,0,0,0,0,0,0,0,robo cuentahabiente
AMECA,0,0,0,0,1,8,0,robo cuentahabiente
ARANDAS,2,1,1,2,1,1,0,robo cuentahabiente
ATEMAJAC DE BRIZUELA,0,0,0,0,0,0,0,robo cuentahabiente
ATENGO,0,0,0,0,0,0,0,robo cuentahabiente
ATENGUILLO,0,0,0,0,0,0,0,robo cuentahabiente
ATOTONILCO EL ALTO,0,0,0,0,0,0,0,robo cuentahabiente
ATOYAC,0,0,0,0,0,0,0,robo cuentahabiente
AUTLAN DE NAVARRO,0,0,0,0,0,0,0,robo cuentahabiente
AYOTLAN,0,0,0,0,0,0,0,robo cuentahabiente
AYUTLA,0,0,0,0,0,0,0,robo cuentahabiente
BOLAÑOS,0,0,0,0,0,0,0,robo cuentahabiente
CABO CORRIENTES,0,0,0,0,0,0,0,robo cuentahabiente
CAÑADAS DE OBREGON,0,0,0,0,0,0,0,robo cuentahabiente
CASIMIRO CASTILLO,0,0,0,0,0,0,0,robo cuentahabiente
CHAPALA,2,5,2,1,0,1,0,robo cuentahabiente
CHIMALTITAN,0,0,0,0,0,0,0,robo cuentahabiente
CHIQUILISTLAN,0,0,0,0,0,0,0,robo cuentahabiente
CIHUATLAN,0,0,0,0,0,0,0,robo cuentahabiente
COCULA,0,0,0,0,0,3,1,robo cuentahabiente
COLOTLAN,0,0,0,1,0,0,0,robo cuentahabiente
CONCEPCION DE BUENOS AIRES,0,0,0,0,0,0,0,robo cuentahabiente
CUAUTITLAN DE GARCIA BARRAGAN,0,0,0,0,0,0,0,robo cuentahabiente
CUAUTLA,0,0,0,0,0,0,0,robo cuentahabiente
CUQUIO,0,0,0,0,0,0,0,robo cuentahabiente
DEGOLLADO,0,1,1,1,0,0,0,robo cuentahabiente
EJUTLA,0,0,0,0,0,0,0,robo cuentahabiente
EL ARENAL,0,0,0,0,0,0,0,robo cuentahabiente
EL GRULLO,0,0,0,0,0,0,0,robo cuentahabiente
EL LIMON,0,0,0,0,0,0,0,robo cuentahabiente
EL SALTO,1,0,0,0,0,1,0,robo cuentahabiente
ENCARNACION DE DIAZ,0,0,0,0,0,0,0,robo cuentahabiente
ETZATLAN,0,0,2,0,0,0,0,robo cuentahabiente
GOMEZ FARIAS,0,0,0,0,0,0,0,robo cuentahabiente
GUACHINANGO,0,0,0,0,2,0,0,robo cuentahabiente
GUADALAJARA,197,150,280,298,340,465,84,robo cuentahabiente
HOSTOTIPAQUILLO,0,0,0,0,0,0,0,robo cuentahabiente
HUEJUCAR,0,0,0,0,0,0,0,robo cuentahabiente
HUEJUQUILLA EL ALTO,0,0,0,0,0,0,0,robo cuentahabiente
IXTLAHUACAN DE LOS MEMBRILLOS,0,0,0,0,0,0,0,robo cuentahabiente
IXTLAHUACAN DEL RIO,0,0,0,0,0,0,0,robo cuentahabiente
JALOSTOTITLAN,0,1,4,4,1,1,0,robo cuentahabiente
JAMAY,0,0,0,0,0,0,0,robo cuentahabiente
JESUS MARIA,0,0,0,0,0,0,0,robo cuentahabiente
JILOTLAN DE LOS DOLORES,0,0,0,0,0,0,0,robo cuentahabiente
JOCOTEPEC,0,0,0,2,0,0,0,robo cuentahabiente
JUANACATLAN,0,0,0,0,0,0,0,robo cuentahabiente
JUCHITLAN,0,0,0,0,0,0,0,robo cuentahabiente
LA BARCA,0,0,0,0,1,0,0,robo cuentahabiente
LA HUERTA,0,0,0,0,0,0,0,robo cuentahabiente
LA MANZANILLA DE LA PAZ,0,0,0,0,0,0,0,robo cuentahabiente
LAGOS DE MORENO,0,0,0,0,0,0,0,robo cuentahabiente
MAGDALENA,0,0,0,0,1,0,0,robo cuentahabiente
MASCOTA,0,0,0,0,0,0,0,robo cuentahabiente
MAZAMITLA,0,0,0,0,0,0,0,robo cuentahabiente
MEXTICACAN,0,0,0,0,0,0,0,robo cuentahabiente
MEZQUITIC,0,0,0,0,0,0,0,robo cuentahabiente
MIXTLAN,0,0,0,0,0,0,0,robo cuentahabiente
OCOTLAN,0,7,1,2,0,0,0,robo cuentahabiente
OJUELOS DE JALISCO,0,0,0,0,0,0,0,robo cuentahabiente
PIHUAMO,0,0,0,0,0,0,0,robo cuentahabiente
PONCITLAN,1,0,0,0,0,0,0,robo cuentahabiente
PUERTO VALLARTA,0,0,2,1,0,5,3,robo cuentahabiente
QUITUPAN,0,0,0,0,0,0,0,robo cuentahabiente
SAN CRISTOBAL DE LA BARRANCA,0,0,0,0,0,0,0,robo cuentahabiente
SAN DIEGO DE ALEJANDRIA,0,0,0,0,0,0,0,robo cuentahabiente
SAN GABRIEL,0,0,0,0,0,0,0,robo cuentahabiente
SAN IGNACIO CERRO GORDO,0,0,0,2,0,0,0,robo cuentahabiente
SAN JUAN DE LOS LAGOS,0,0,0,0,1,2,1,robo cuentahabiente
SAN JUANITO DE ESCOBEDO,0,0,0,0,0,0,0,robo cuentahabiente
SAN JULIAN,0,0,0,1,1,0,0,robo cuentahabiente
SAN MARCOS,0,0,0,0,0,0,0,robo cuentahabiente
SAN MARTIN DE BOLAÑOS,0,0,0,0,0,0,0,robo cuentahabiente
SAN MARTIN DE HIDALGO,0,0,0,0,0,1,0,robo cuentahabiente
SAN MIGUEL EL ALTO,0,1,0,0,1,0,0,robo cuentahabiente
SAN PEDRO TLAQUEPAQUE,31,16,28,34,34,88,14,robo cuentahabiente
SAN SEBASTIAN DEL OESTE,0,0,0,0,0,0,0,robo cuentahabiente
SANTA MARIA DE LOS ANGELES,0,0,0,0,0,0,0,robo cuentahabiente
SANTA MARIA DEL ORO,0,0,0,0,0,0,0,robo cuentahabiente
SAYULA,0,1,0,1,0,4,1,robo cuentahabiente
TALA,0,0,1,0,0,0,0,robo cuentahabiente
TALPA DE ALLENDE,0,0,0,0,0,0,0,robo cuentahabiente
TAMAZULA DE GORDIANO,0,0,0,0,1,0,0,robo cuentahabiente
TAPALPA,0,0,0,0,0,0,0,robo cuentahabiente
TECALITLAN,0,0,0,0,0,0,0,robo cuentahabiente
TECHALUTA DE MONTENEGRO,0,0,0,0,0,0,0,robo cuentahabiente
TECOLOTLAN,0,0,0,0,0,0,0,robo cuentahabiente
TENAMAXTLAN,0,0,0,0,0,0,0,robo cuentahabiente
TEOCALTICHE,0,0,0,0,0,0,0,robo cuentahabiente
TEOCUITATLAN DE CORONA,0,0,0,0,0,0,0,robo cuentahabiente
TEPATITLAN DE MORELOS,0,1,3,2,6,2,3,robo cuentahabiente
TEQUILA,0,0,0,0,0,1,0,robo cuentahabiente
TEUCHITLAN,0,0,0,0,0,0,0,robo cuentahabiente
TIZAPAN EL ALTO,0,0,0,0,0,0,0,robo cuentahabiente
TLAJOMULCO DE ZUÑIGA,0,3,2,10,11,17,2,robo cuentahabiente
TOLIMAN,0,0,0,0,0,0,0,robo cuentahabiente
TOMATLAN,0,0,0,0,0,0,0,robo cuentahabiente
TONALA,9,7,23,18,18,63,21,robo cuentahabiente
TONAYA,0,0,0,0,0,0,0,robo cuentahabiente
TONILA,0,0,0,0,0,0,0,robo cuentahabiente
TOTATICHE,0,0,0,0,0,0,0,robo cuentahabiente
TOTOTLAN,0,0,0,2,1,1,0,robo cuentahabiente
TUXCACUESCO,0,0,0,0,0,1,0,robo cuentahabiente
TUXCUECA,0,0,0,0,0,0,0,robo cuentahabiente
TUXPAN,0,0,0,0,0,0,0,robo cuentahabiente
UNION DE SAN ANTONIO,0,0,0,0,0,0,0,robo cuentahabiente
UNION DE TULA,0,0,0,0,0,0,0,robo cuentahabiente
VALLE DE GUADALUPE,0,0,0,0,0,0,0,robo cuentahabiente
VALLE DE JUAREZ,0,0,0,0,0,0,0,robo cuentahabiente
VILLA CORONA,0,0,0,0,0,0,0,robo cuentahabiente
VILLA GUERRERO,0,0,0,0,0,0,0,robo cuentahabiente
VILLA HIDALGO,0,0,0,0,0,0,0,robo cuentahabiente
VILLA PURIFICACION,0,0,0,0,0,0,0,robo cuentahabiente
YAHUALICA DE GONZALEZ GALLO,0,0,0,0,0,0,1,robo cuentahabiente
ZACOALCO DE TORRES,0,0,0,0,0,0,0,robo cuentahabiente
ZAPOPAN,81,84,126,142,166,217,56,robo cuentahabiente
ZAPOTILTIC,0,0,0,0,2,0,0,robo cuentahabiente
ZAPOTITLAN DE VADILLO,0,0,0,0,0,0,0,robo cuentahabiente
ZAPOTLAN DEL REY,0,0,0,0,0,0,0,robo cuentahabiente
ZAPOTLAN EL GRANDE,0,0,2,3,8,9,1,robo cuentahabiente
ZAPOTLANEJO,0,1,0,1,1,1,0,robo cuentahabiente
ACATIC,1,2,0,1,2,1,1,robo interior vehiculo
ACATLAN DE JUAREZ,1,3,0,2,4,7,1,robo interior vehiculo
AHUALULCO DE MERCADO,0,2,2,1,1,1,0,robo interior vehiculo
AMACUECA,1,0,0,0,0,0,0,robo interior vehiculo
AMATITAN,0,1,2,2,1,1,0,robo interior vehiculo
AMECA,10,10,4,9,9,22,2,robo interior vehiculo
ARANDAS,9,4,4,5,13,6,0,robo interior vehiculo
ATEMAJAC DE BRIZUELA,0,0,0,0,0,0,0,robo interior vehiculo
ATENGO,0,0,0,0,1,0,0,robo interior vehiculo
ATENGUILLO,0,0,0,0,0,0,1,robo interior vehiculo
ATOTONILCO EL ALTO,5,6,7,3,6,6,1,robo interior vehiculo
ATOYAC,0,0,0,0,1,0,0,robo interior vehiculo
AUTLAN DE NAVARRO,16,8,8,17,10,7,3,robo interior vehiculo
AYOTLAN,0,0,0,2,0,0,1,robo interior vehiculo
AYUTLA,0,1,0,0,0,0,0,robo interior vehiculo
BOLAÑOS,0,0,0,0,0,0,0,robo interior vehiculo
CABO CORRIENTES,1,2,0,0,1,1,0,robo interior vehiculo
CAÑADAS DE OBREGON,0,0,0,0,0,0,0,robo interior vehiculo
CASIMIRO CASTILLO,4,3,0,2,0,0,0,robo interior vehiculo
CHAPALA,17,8,10,17,23,14,3,robo interior vehiculo
CHIMALTITAN,0,0,0,0,0,0,0,robo interior vehiculo
CHIQUILISTLAN,0,0,0,0,0,0,0,robo interior vehiculo
CIHUATLAN,1,3,2,5,1,4,0,robo interior vehiculo
COCULA,2,2,2,4,0,4,0,robo interior vehiculo
COLOTLAN,2,0,0,0,1,3,1,robo interior vehiculo
CONCEPCION DE BUENOS AIRES,1,0,0,0,0,0,0,robo interior vehiculo
CUAUTITLAN DE GARCIA BARRAGAN,0,0,0,1,0,0,0,robo interior vehiculo
CUAUTLA,0,0,0,0,0,0,0,robo interior vehiculo
CUQUIO,0,0,0,0,0,0,0,robo interior vehiculo
DEGOLLADO,2,3,1,0,1,3,0,robo interior vehiculo
EJUTLA,0,0,0,0,0,0,0,robo interior vehiculo
EL ARENAL,0,1,1,3,4,7,0,robo interior vehiculo
EL GRULLO,4,1,0,2,3,2,0,robo interior vehiculo
EL LIMON,0,0,0,0,1,0,0,robo interior vehiculo
EL SALTO,16,9,11,33,85,69,19,robo interior vehiculo
ENCARNACION DE DIAZ,3,5,4,3,10,1,0,robo interior vehiculo
ETZATLAN,0,0,0,1,0,0,0,robo interior vehiculo
GOMEZ FARIAS,0,1,0,2,2,1,0,robo interior vehiculo
GUACHINANGO,0,0,0,0,0,0,0,robo interior vehiculo
GUADALAJARA,900,390,169,1020,1712,1555,382,robo interior vehiculo
HOSTOTIPAQUILLO,0,0,1,0,0,3,0,robo interior vehiculo
HUEJUCAR,0,0,0,0,0,0,0,robo interior vehiculo
HUEJUQUILLA EL ALTO,0,0,0,0,0,0,0,robo interior vehiculo
IXTLAHUACAN DE LOS MEMBRILLOS,0,3,0,16,8,1,3,robo interior vehiculo
IXTLAHUACAN DEL RIO,0,2,4,3,0,1,0,robo interior vehiculo
JALOSTOTITLAN,3,2,1,4,5,1,0,robo interior vehiculo
JAMAY,0,0,0,0,1,1,0,robo interior vehiculo
JESUS MARIA,2,0,1,0,2,4,0,robo interior vehiculo
JILOTLAN DE LOS DOLORES,0,0,0,0,0,0,0,robo interior vehiculo
JOCOTEPEC,1,6,2,9,10,8,2,robo interior vehiculo
JUANACATLAN,1,0,1,1,1,0,0,robo interior vehiculo
JUCHITLAN,0,0,0,0,0,0,0,robo interior vehiculo
LA BARCA,1,0,1,1,6,10,1,robo interior vehiculo
LA HUERTA,1,0,1,0,1,1,0,robo interior vehiculo
LA MANZANILLA DE LA PAZ,0,1,0,0,0,0,0,robo interior vehiculo
LAGOS DE MORENO,50,49,40,40,43,16,6,robo interior vehiculo
MAGDALENA,1,1,6,2,3,4,0,robo interior vehiculo
MASCOTA,1,1,1,1,1,0,0,robo interior vehiculo
MAZAMITLA,0,0,0,5,2,2,0,robo interior vehiculo
MEXTICACAN,0,0,0,0,0,0,0,robo interior vehiculo
MEZQUITIC,0,0,0,0,0,0,0,robo interior vehiculo
MIXTLAN,0,1,0,0,0,0,0,robo interior vehiculo
OCOTLAN,13,10,8,8,4,9,6,robo interior vehiculo
OJUELOS DE JALISCO,0,2,2,0,2,0,0,robo interior vehiculo
PIHUAMO,0,0,0,0,1,0,0,robo interior vehiculo
PONCITLAN,1,5,1,2,0,5,0,robo interior vehiculo
PUERTO VALLARTA,106,113,111,120,146,137,35,robo interior vehiculo
QUITUPAN,0,0,0,0,1,0,0,robo interior vehiculo
SAN CRISTOBAL DE LA BARRANCA,0,0,0,0,0,0,0,robo interior vehiculo
SAN DIEGO DE ALEJANDRIA,0,0,0,0,0,0,0,robo interior vehiculo
SAN GABRIEL,0,0,0,0,0,1,0,robo interior vehiculo
SAN IGNACIO CERRO GORDO,0,1,0,0,0,2,0,robo interior vehiculo
SAN JUAN DE LOS LAGOS,17,12,11,8,10,1,0,robo interior vehiculo
SAN JUANITO DE ESCOBEDO,1,0,0,0,0,0,0,robo interior vehiculo
SAN JULIAN,2,2,1,1,0,2,0,robo interior vehiculo
SAN MARCOS,0,0,0,0,0,0,0,robo interior vehiculo
SAN MARTIN DE BOLAÑOS,0,0,0,0,0,0,0,robo interior vehiculo
SAN MARTIN DE HIDALGO,2,0,0,0,1,1,0,robo interior vehiculo
SAN MIGUEL EL ALTO,2,4,5,0,2,4,1,robo interior vehiculo
SAN PEDRO TLAQUEPAQUE,185,95,46,274,508,497,127,robo interior vehiculo
SAN SEBASTIAN DEL OESTE,2,0,0,0,0,0,0,robo interior vehiculo
SANTA MARIA DE LOS ANGELES,0,0,0,0,0,0,0,robo interior vehiculo
SANTA MARIA DEL ORO,1,0,0,0,0,0,0,robo interior vehiculo
SAYULA,3,2,3,6,1,2,0,robo interior vehiculo
TALA,3,2,1,19,22,6,4,robo interior vehiculo
TALPA DE ALLENDE,4,1,4,1,1,1,0,robo interior vehiculo
TAMAZULA DE GORDIANO,2,1,5,4,1,1,0,robo interior vehiculo
TAPALPA,0,1,0,0,1,0,0,robo interior vehiculo
TECALITLAN,0,0,0,0,0,0,0,robo interior vehiculo
TECHALUTA DE MONTENEGRO,0,0,0,0,0,1,0,robo interior vehiculo
TECOLOTLAN,0,0,0,0,3,1,1,robo interior vehiculo
TENAMAXTLAN,0,0,0,0,0,0,0,robo interior vehiculo
TEOCALTICHE,7,2,1,3,5,1,0,robo interior vehiculo
TEOCUITATLAN DE CORONA,0,0,0,0,0,0,0,robo interior vehiculo
TEPATITLAN DE MORELOS,36,71,59,75,41,33,13,robo interior vehiculo
TEQUILA,3,4,5,12,2,6,1,robo interior vehiculo
TEUCHITLAN,0,0,0,2,2,0,0,robo interior vehiculo
TIZAPAN EL ALTO,0,0,1,1,0,0,0,robo interior vehiculo
TLAJOMULCO DE ZUÑIGA,90,112,140,260,453,467,84,robo interior vehiculo
TOLIMAN,0,0,0,0,0,0,0,robo interior vehiculo
TOMATLAN,0,1,3,0,1,0,0,robo interior vehiculo
TONALA,64,29,20,111,197,198,53,robo interior vehiculo
TONAYA,0,0,0,0,0,0,0,robo interior vehiculo
TONILA,0,0,0,0,0,0,0,robo interior vehiculo
TOTATICHE,0,0,0,0,0,0,0,robo interior vehiculo
TOTOTLAN,1,0,0,0,2,1,0,robo interior vehiculo
TUXCACUESCO,0,0,0,0,0,0,0,robo interior vehiculo
TUXCUECA,0,0,0,0,0,0,0,robo interior vehiculo
TUXPAN,2,1,4,4,3,4,2,robo interior vehiculo
UNION DE SAN ANTONIO,1,0,1,1,1,0,0,robo interior vehiculo
UNION DE TULA,0,1,2,0,1,1,0,robo interior vehiculo
VALLE DE GUADALUPE,0,0,1,3,0,0,0,robo interior vehiculo
VALLE DE JUAREZ,0,0,1,0,0,0,0,robo interior vehiculo
VILLA CORONA,0,1,0,2,0,2,1,robo interior vehiculo
VILLA GUERRERO,0,1,1,0,0,0,0,robo interior vehiculo
VILLA HIDALGO,3,3,0,2,0,0,0,robo interior vehiculo
VILLA PURIFICACION,1,0,1,1,0,0,0,robo interior vehiculo
YAHUALICA DE GONZALEZ GALLO,1,4,0,1,0,0,0,robo interior vehiculo
ZACOALCO DE TORRES,0,2,1,1,2,3,0,robo interior vehiculo
ZAPOPAN,886,336,96,906,1450,1193,315,robo interior vehiculo
ZAPOTILTIC,1,2,2,4,8,9,0,robo interior vehiculo
ZAPOTITLAN DE VADILLO,0,0,0,0,0,0,0,robo interior vehiculo
ZAPOTLAN DEL REY,1,0,0,0,0,0,0,robo interior vehiculo
ZAPOTLAN EL GRANDE,46,27,64,58,48,43,9,robo interior vehiculo
ZAPOTLANEJO,4,10,3,15,12,8,1,robo interior vehiculo
ACATIC,3,6,4,5,17,15,2,robo motociclistas
ACATLAN DE JUAREZ,4,0,0,8,6,11,3,robo motociclistas
AHUALULCO DE MERCADO,3,0,8,6,4,9,2,robo motociclistas
AMACUECA,0,0,0,0,0,0,0,robo motociclistas
AMATITAN,2,1,1,2,2,0,1,robo motociclistas
AMECA,101,32,27,31,21,28,5,robo motociclistas
ARANDAS,33,36,33,38,49,41,13,robo motociclistas
ATEMAJAC DE BRIZUELA,0,0,0,1,0,0,0,robo motociclistas
ATENGO,0,0,0,0,0,0,0,robo motociclistas
ATENGUILLO,0,0,1,0,1,1,0,robo motociclistas
ATOTONILCO EL ALTO,28,19,28,30,33,36,8,robo motociclistas
ATOYAC,0,0,0,1,0,0,0,robo motociclistas
AUTLAN DE NAVARRO,22,28,53,43,34,36,11,robo motociclistas
AYOTLAN,12,16,9,1,9,9,1,robo motociclistas
AYUTLA,0,0,0,0,2,0,0,robo motociclistas
BOLAÑOS,0,0,0,1,0,0,0,robo motociclistas
CABO CORRIENTES,1,1,0,0,0,1,0,robo motociclistas
CAÑADAS DE OBREGON,0,0,0,0,1,0,0,robo motociclistas
CASIMIRO CASTILLO,3,1,0,2,0,0,1,robo motociclistas
CHAPALA,2,8,7,3,5,7,4,robo motociclistas
CHIMALTITAN,0,0,0,0,1,0,0,robo motociclistas
CHIQUILISTLAN,0,0,0,0,0,0,0,robo motociclistas
CIHUATLAN,20,27,26,7,4,7,1,robo motociclistas
COCULA,4,1,4,4,5,7,0,robo motociclistas
COLOTLAN,1,0,1,1,0,2,0,robo motociclistas
CONCEPCION DE BUENOS AIRES,0,0,0,0,0,0,1,robo motociclistas
CUAUTITLAN DE GARCIA BARRAGAN,0,0,0,0,0,0,0,robo motociclistas
CUAUTLA,1,0,0,1,0,0,0,robo motociclistas
CUQUIO,1,0,0,4,0,1,0,robo motociclistas
DEGOLLADO,7,3,3,9,5,2,0,robo motociclistas
EJUTLA,0,0,0,0,0,0,0,robo motociclistas
EL ARENAL,0,2,4,2,2,3,0,robo motociclistas
EL GRULLO,3,4,6,10,2,12,1,robo motociclistas
EL LIMON,0,0,0,3,2,2,0,robo motociclistas
EL SALTO,53,29,52,64,135,199,44,robo motociclistas
ENCARNACION DE DIAZ,3,4,8,12,18,22,6,robo motociclistas
ETZATLAN,0,0,2,0,1,0,1,robo motociclistas
GOMEZ FARIAS,1,0,4,0,1,0,0,robo motociclistas
GUACHINANGO,0,0,0,0,0,0,0,robo motociclistas
GUADALAJARA,148,134,183,570,845,779,239,robo motociclistas
HOSTOTIPAQUILLO,1,0,0,1,0,1,1,robo motociclistas
HUEJUCAR,0,0,0,0,0,0,0,robo motociclistas
HUEJUQUILLA EL ALTO,0,0,0,0,0,0,0,robo motociclistas
IXTLAHUACAN DE LOS MEMBRILLOS,3,2,2,5,9,7,1,robo motociclistas
IXTLAHUACAN DEL RIO,1,1,2,1,1,1,0,robo motociclistas
JALOSTOTITLAN,2,1,8,10,7,8,1,robo motociclistas
JAMAY,8,13,4,3,4,14,5,robo motociclistas
JESUS MARIA,1,6,4,8,4,6,0,robo motociclistas
JILOTLAN DE LOS DOLORES,0,0,0,0,0,0,0,robo motociclistas
JOCOTEPEC,4,2,4,4,2,6,2,robo motociclistas
JUANACATLAN,8,2,6,7,5,11,4,robo motociclistas
JUCHITLAN,0,0,0,0,0,1,0,robo motociclistas
LA BARCA,17,17,23,10,28,14,7,robo motociclistas
LA HUERTA,4,4,2,1,1,0,0,robo motociclistas
LA MANZANILLA DE LA PAZ,0,0,0,0,0,1,0,robo motociclistas
LAGOS DE MORENO,85,196,144,168,215,130,38,robo motociclistas
MAGDALENA,2,0,0,0,1,2,0,robo motociclistas
MASCOTA,1,2,2,0,2,0,0,robo motociclistas
MAZAMITLA,0,0,1,1,1,3,0,robo motociclistas
MEXTICACAN,0,0,0,0,0,1,0,robo motociclistas
MEZQUITIC,0,0,0,0,0,0,0,robo motociclistas
MIXTLAN,0,0,0,0,0,0,0,robo motociclistas
OCOTLAN,130,142,77,64,34,85,24,robo motociclistas
OJUELOS DE JALISCO,2,3,1,3,1,1,3,robo motociclistas
PIHUAMO,0,0,0,0,0,0,0,robo motociclistas
PONCITLAN,6,13,15,9,8,9,2,robo motociclistas
PUERTO VALLARTA,266,157,145,158,196,254,87,robo motociclistas
QUITUPAN,0,0,0,0,0,0,0,robo motociclistas
SAN CRISTOBAL DE LA BARRANCA,0,0,0,0,0,0,0,robo motociclistas
SAN DIEGO DE ALEJANDRIA,0,1,0,0,0,0,0,robo motociclistas
SAN GABRIEL,0,0,0,0,0,3,0,robo motociclistas
SAN IGNACIO CERRO GORDO,1,0,2,0,2,1,2,robo motociclistas
SAN JUAN DE LOS LAGOS,26,21,39,26,25,40,6,robo motociclistas
SAN JUANITO DE ESCOBEDO,1,1,0,2,0,0,2,robo motociclistas
SAN JULIAN,1,1,1,1,0,2,0,robo motociclistas
SAN MARCOS,0,0,0,0,0,0,0,robo motociclistas
SAN MARTIN DE BOLAÑOS,0,0,0,0,0,0,0,robo motociclistas
SAN MARTIN DE HIDALGO,2,2,1,6,4,1,2,robo motociclistas
SAN MIGUEL EL ALTO,1,1,6,10,6,5,2,robo motociclistas
SAN PEDRO TLAQUEPAQUE,26,29,62,159,305,356,125,robo motociclistas
SAN SEBASTIAN DEL OESTE,0,1,0,0,1,0,0,robo motociclistas
SANTA MARIA DE LOS ANGELES,0,0,0,0,0,0,0,robo motociclistas
SANTA MARIA DEL ORO,0,0,0,0,0,0,0,robo motociclistas
SAYULA,5,1,8,7,10,16,0,robo motociclistas
TALA,20,28,32,36,56,46,11,robo motociclistas
TALPA DE ALLENDE,2,0,0,1,0,1,0,robo motociclistas
TAMAZULA DE GORDIANO,1,4,8,0,1,3,2,robo motociclistas
TAPALPA,2,1,0,2,2,2,1,robo motociclistas
TECALITLAN,0,0,1,1,0,1,0,robo motociclistas
TECHALUTA DE MONTENEGRO,0,0,0,0,0,1,0,robo motociclistas
TECOLOTLAN,2,0,0,0,2,0,0,robo motociclistas
TENAMAXTLAN,0,0,1,0,1,0,2,robo motociclistas
TEOCALTICHE,2,5,9,2,3,1,0,robo motociclistas
TEOCUITATLAN DE CORONA,0,0,0,0,2,0,0,robo motociclistas
TEPATITLAN DE MORELOS,46,49,46,92,69,104,26,robo motociclistas
TEQUILA,11,12,8,5,9,5,0,robo motociclistas
TEUCHITLAN,1,0,0,1,0,0,1,robo motociclistas
TIZAPAN EL ALTO,1,2,0,4,1,4,0,robo motociclistas
TLAJOMULCO DE ZUÑIGA,100,78,113,194,350,404,109,robo motociclistas
TOLIMAN,0,0,0,0,0,0,0,robo motociclistas
TOMATLAN,3,3,10,0,4,1,0,robo motociclistas
TONALA,42,40,76,181,292,306,109,robo motociclistas
TONAYA,0,0,0,0,0,0,1,robo motociclistas
TONILA,0,0,0,0,0,0,0,robo motociclistas
TOTATICHE,0,0,0,0,0,0,1,robo motociclistas
TOTOTLAN,2,3,2,7,2,1,2,robo motociclistas
TUXCACUESCO,0,0,0,0,0,0,1,robo motociclistas
TUXCUECA,1,0,0,0,0,0,0,robo motociclistas
TUXPAN,1,2,3,2,2,10,4,robo motociclistas
UNION DE SAN ANTONIO,1,1,3,0,2,2,0,robo motociclistas
UNION DE TULA,1,0,0,2,1,2,0,robo motociclistas
VALLE DE GUADALUPE,0,0,0,0,0,0,1,robo motociclistas
VALLE DE JUAREZ,0,0,0,0,0,0,1,robo motociclistas
VILLA CORONA,1,1,1,3,6,0,0,robo motociclistas
VILLA GUERRERO,2,2,0,1,0,0,0,robo motociclistas
VILLA HIDALGO,2,2,5,3,1,0,0,robo motociclistas
VILLA PURIFICACION,0,0,0,1,1,0,0,robo motociclistas
YAHUALICA DE GONZALEZ GALLO,7,5,6,4,4,10,0,robo motociclistas
ZACOALCO DE TORRES,1,0,4,3,1,3,1,robo motociclistas
ZAPOPAN,77,46,66,295,418,512,115,robo motociclistas
ZAPOTILTIC,9,10,7,12,17,7,8,robo motociclistas
ZAPOTITLAN DE VADILLO,0,1,0,1,0,0,0,robo motociclistas
ZAPOTLAN DEL REY,1,0,2,1,1,0,1,robo motociclistas
ZAPOTLAN EL GRANDE,54,49,75,62,59,59,13,robo motociclistas
ZAPOTLANEJO,73,38,38,70,49,46,31,robo motociclistas
ACATIC,1,2,6,1,5,3,1,robo negocio
ACATLAN DE JUAREZ,20,9,5,23,14,9,3,robo negocio
AHUALULCO DE MERCADO,0,5,9,5,9,3,2,robo negocio
AMACUECA,0,0,0,0,1,0,0,robo negocio
AMATITAN,0,2,0,0,2,2,0,robo negocio
AMECA,39,20,18,33,22,32,5,robo negocio
ARANDAS,13,8,13,21,40,19,3,robo negocio
ATEMAJAC DE BRIZUELA,0,0,1,0,1,0,0,robo negocio
ATENGO,0,0,2,0,1,0,0,robo negocio
ATENGUILLO,1,1,1,0,2,1,0,robo negocio
ATOTONILCO EL ALTO,18,14,8,13,14,20,4,robo negocio
ATOYAC,1,2,0,0,0,0,1,robo negocio
AUTLAN DE NAVARRO,18,19,21,30,24,28,5,robo negocio
AYOTLAN,0,5,5,1,2,4,1,robo negocio
AYUTLA,3,3,2,4,2,1,1,robo negocio
BOLAÑOS,0,0,0,0,0,1,0,robo negocio
CABO CORRIENTES,4,8,2,1,1,2,1,robo negocio
CAÑADAS DE OBREGON,0,0,1,0,0,0,0,robo negocio
CASIMIRO CASTILLO,12,3,1,3,5,4,1,robo negocio
CHAPALA,26,44,36,78,52,44,9,robo negocio
CHIMALTITAN,0,0,0,0,0,1,0,robo negocio
CHIQUILISTLAN,0,0,0,0,0,1,0,robo negocio
CIHUATLAN,28,14,19,5,10,13,3,robo negocio
COCULA,9,8,15,30,14,5,6,robo negocio
COLOTLAN,5,1,4,6,13,10,9,robo negocio
CONCEPCION DE BUENOS AIRES,1,0,0,0,0,0,0,robo negocio
CUAUTITLAN DE GARCIA BARRAGAN,3,0,1,1,1,1,0,robo negocio
CUAUTLA,0,0,0,0,0,0,0,robo negocio
CUQUIO,0,0,0,0,1,3,0,robo negocio
DEGOLLADO,1,0,1,2,1,4,1,robo negocio
EJUTLA,0,0,0,0,1,0,0,robo negocio
EL ARENAL,2,3,2,4,16,24,1,robo negocio
EL GRULLO,4,3,1,5,10,1,0,robo negocio
EL LIMON,0,0,0,0,1,0,0,robo negocio
EL SALTO,101,78,58,130,283,344,56,robo negocio
ENCARNACION DE DIAZ,1,2,16,6,10,17,2,robo negocio
ETZATLAN,1,1,0,2,1,4,0,robo negocio
GOMEZ FARIAS,1,1,2,2,7,3,0,robo negocio
GUACHINANGO,0,0,1,0,0,0,0,robo negocio
GUADALAJARA,1717,1342,771,3223,5896,6387,1748,robo negocio
HOSTOTIPAQUILLO,3,0,0,1,1,0,0,robo negocio
HUEJUCAR,1,1,0,0,0,0,1,robo negocio
HUEJUQUILLA EL ALTO,0,0,0,3,1,0,0,robo negocio
IXTLAHUACAN DE LOS MEMBRILLOS,17,27,11,17,19,20,7,robo negocio
IXTLAHUACAN DEL RIO,4,6,3,1,2,2,0,robo negocio
JALOSTOTITLAN,3,6,7,0,5,7,1,robo negocio
JAMAY,5,4,5,3,1,7,2,robo negocio
JESUS MARIA,0,0,1,2,0,3,1,robo negocio
JILOTLAN DE LOS DOLORES,1,0,0,0,0,0,0,robo negocio
JOCOTEPEC,13,9,16,20,12,16,6,robo negocio
JUANACATLAN,4,2,0,6,6,8,3,robo negocio
JUCHITLAN,0,1,0,1,0,0,0,robo negocio
LA BARCA,11,10,15,21,33,21,7,robo negocio
LA HUERTA,6,7,6,3,0,1,0,robo negocio
LA MANZANILLA DE LA PAZ,1,0,0,1,0,0,0,robo negocio
LAGOS DE MORENO,30,28,63,98,42,80,31,robo negocio
MAGDALENA,8,3,3,4,18,7,1,robo negocio
MASCOTA,4,8,2,4,0,1,0,robo negocio
MAZAMITLA,3,2,5,4,5,12,0,robo negocio
MEXTICACAN,0,0,0,0,0,0,0,robo negocio
MEZQUITIC,1,0,2,0,1,0,0,robo negocio
MIXTLAN,0,1,0,0,1,0,0,robo negocio
OCOTLAN,29,25,31,41,26,32,8,robo negocio
OJUELOS DE JALISCO,6,2,0,1,1,1,0,robo negocio
PIHUAMO,0,0,1,0,0,1,0,robo negocio
PONCITLAN,10,4,5,8,7,9,4,robo negocio
PUERTO VALLARTA,169,148,190,288,263,432,61,robo negocio
QUITUPAN,1,0,2,0,1,1,0,robo negocio
SAN CRISTOBAL DE LA BARRANCA,0,0,0,0,0,1,0,robo negocio
SAN DIEGO DE ALEJANDRIA,0,0,0,0,1,0,1,robo negocio
SAN GABRIEL,2,3,1,0,2,0,0,robo negocio
SAN IGNACIO CERRO GORDO,1,0,2,0,3,2,1,robo negocio
SAN JUAN DE LOS LAGOS,14,8,19,16,16,12,1,robo negocio
SAN JUANITO DE ESCOBEDO,1,0,1,1,0,2,0,robo negocio
SAN JULIAN,0,1,1,1,1,0,0,robo negocio
SAN MARCOS,0,0,1,0,0,0,0,robo negocio
SAN MARTIN DE BOLAÑOS,0,0,0,1,1,0,0,robo negocio
SAN MARTIN DE HIDALGO,4,6,6,3,3,1,2,robo negocio
SAN MIGUEL EL ALTO,2,9,9,4,5,5,0,robo negocio
SAN PEDRO TLAQUEPAQUE,312,295,176,856,1710,2123,667,robo negocio
SAN SEBASTIAN DEL OESTE,2,0,0,1,1,0,0,robo negocio
SANTA MARIA DE LOS ANGELES,0,0,0,0,0,1,0,robo negocio
SANTA MARIA DEL ORO,0,0,0,0,0,0,0,robo negocio
SAYULA,22,7,17,17,13,7,1,robo negocio
TALA,9,21,23,27,48,19,7,robo negocio
TALPA DE ALLENDE,4,8,1,3,8,9,1,robo negocio
TAMAZULA DE GORDIANO,10,7,20,5,5,4,1,robo negocio
TAPALPA,3,2,1,0,1,1,0,robo negocio
TECALITLAN,1,1,0,0,0,0,0,robo negocio
TECHALUTA DE MONTENEGRO,1,0,0,1,0,0,0,robo negocio
TECOLOTLAN,1,2,1,2,5,0,0,robo negocio
TENAMAXTLAN,0,0,0,1,0,0,0,robo negocio
TEOCALTICHE,4,0,4,4,1,3,2,robo negocio
TEOCUITATLAN DE CORONA,1,1,0,0,0,0,0,robo negocio
TEPATITLAN DE MORELOS,40,55,78,74,84,65,20,robo negocio
TEQUILA,16,13,15,15,20,17,7,robo negocio
TEUCHITLAN,0,1,0,1,1,1,0,robo negocio
TIZAPAN EL ALTO,0,0,3,1,2,1,0,robo negocio
TLAJOMULCO DE ZUÑIGA,238,321,351,696,1551,1891,502,robo negocio
TOLIMAN,1,0,0,0,1,1,0,robo negocio
TOMATLAN,8,8,9,5,4,4,1,robo negocio
TONALA,187,165,106,538,1088,1311,433,robo negocio
TONAYA,1,0,0,0,1,1,0,robo negocio
TONILA,0,3,1,1,0,0,0,robo negocio
TOTATICHE,0,0,1,0,1,0,0,robo negocio
TOTOTLAN,4,3,3,6,1,5,0,robo negocio
TUXCACUESCO,0,0,0,1,0,1,0,robo negocio
TUXCUECA,0,0,1,3,1,0,0,robo negocio
TUXPAN,15,7,2,3,5,0,3,robo negocio
UNION DE SAN ANTONIO,0,2,1,0,1,2,0,robo negocio
UNION DE TULA,1,2,2,2,8,7,0,robo negocio
VALLE DE GUADALUPE,0,1,0,1,0,2,1,robo negocio
VALLE DE JUAREZ,1,0,0,1,2,0,0,robo negocio
VILLA CORONA,4,2,0,0,9,6,2,robo negocio
VILLA GUERRERO,0,1,0,0,0,2,0,robo negocio
VILLA HIDALGO,4,2,4,1,1,0,0,robo negocio
VILLA PURIFICACION,3,0,1,1,2,2,0,robo negocio
YAHUALICA DE GONZALEZ GALLO,2,1,2,0,2,3,0,robo negocio
ZACOALCO DE TORRES,7,1,1,7,13,14,3,robo negocio
ZAPOPAN,858,636,360,1637,3338,3275,756,robo negocio
ZAPOTILTIC,10,5,12,11,10,23,0,robo negocio
ZAPOTITLAN DE VADILLO,1,2,2,2,0,1,0,robo negocio
ZAPOTLAN DEL REY,3,0,1,0,1,2,2,robo negocio
ZAPOTLAN EL GRANDE,64,90,122,125,101,64,22,robo negocio
ZAPOTLANEJO,24,21,16,43,47,36,20,robo negocio
ACATIC,0,2,2,1,4,2,1,robo persona
ACATLAN DE JUAREZ,7,7,5,22,19,22,0,robo persona
AHUALULCO DE MERCADO,0,3,2,7,5,4,1,robo persona
AMACUECA,1,0,1,0,0,0,0,robo persona
AMATITAN,1,0,0,5,1,1,3,robo persona
AMECA,19,24,16,21,18,33,5,robo persona
ARANDAS,9,5,8,6,11,12,0,robo persona
ATEMAJAC DE BRIZUELA,0,0,0,0,0,1,0,robo persona
ATENGO,0,0,0,0,0,0,0,robo persona
ATENGUILLO,1,1,0,0,0,0,0,robo persona
ATOTONILCO EL ALTO,7,6,12,15,8,7,3,robo persona
ATOYAC,2,0,1,0,0,0,0,robo persona
AUTLAN DE NAVARRO,9,9,21,26,23,14,4,robo persona
AYOTLAN,4,1,2,3,10,4,0,robo persona
AYUTLA,0,0,0,0,1,0,0,robo persona
BOLAÑOS,0,0,0,0,0,0,0,robo persona
CABO CORRIENTES,1,1,2,0,0,1,0,robo persona
CAÑADAS DE OBREGON,0,0,0,0,2,0,0,robo persona
CASIMIRO CASTILLO,2,3,1,2,0,0,0,robo persona
CHAPALA,18,13,25,24,29,24,2,robo persona
CHIMALTITAN,0,0,0,0,0,0,0,robo persona
CHIQUILISTLAN,0,0,0,0,0,0,0,robo persona
CIHUATLAN,13,6,3,9,8,5,1,robo persona
COCULA,4,5,6,11,6,4,3,robo persona
COLOTLAN,0,2,5,2,2,4,0,robo persona
CONCEPCION DE BUENOS AIRES,0,0,0,0,0,1,0,robo persona
CUAUTITLAN DE GARCIA BARRAGAN,1,2,1,0,0,0,0,robo persona
CUAUTLA,0,0,0,0,0,0,0,robo persona
CUQUIO,0,0,1,0,3,0,0,robo persona
DEGOLLADO,3,0,3,4,3,2,0,robo persona
EJUTLA,0,0,1,0,0,0,0,robo persona
EL ARENAL,1,2,7,5,14,7,2,robo persona
EL GRULLO,3,2,0,6,1,1,0,robo persona
EL LIMON,1,0,0,0,0,1,0,robo persona
EL SALTO,58,78,54,170,353,328,79,robo persona
ENCARNACION DE DIAZ,4,4,14,5,4,3,1,robo persona
ETZATLAN,5,3,0,1,0,1,0,robo persona
GOMEZ FARIAS,2,0,1,1,1,1,0,robo persona
GUACHINANGO,0,0,0,0,1,1,1,robo persona
GUADALAJARA,4077,1064,760,5294,8708,7223,1822,robo persona
HOSTOTIPAQUILLO,2,0,2,0,2,1,0,robo persona
HUEJUCAR,1,0,0,0,0,1,0,robo persona
HUEJUQUILLA EL ALTO,1,0,0,0,0,0,0,robo persona
IXTLAHUACAN DE LOS MEMBRILLOS,11,6,8,20,18,22,10,robo persona
IXTLAHUACAN DEL RIO,4,5,0,2,5,2,1,robo persona
JALOSTOTITLAN,3,2,3,6,4,3,2,robo persona
JAMAY,0,0,4,2,2,1,0,robo persona
JESUS MARIA,1,0,2,1,2,1,0,robo persona
JILOTLAN DE LOS DOLORES,0,0,0,0,0,0,0,robo persona
JOCOTEPEC,1,15,2,6,16,5,7,robo persona
JUANACATLAN,5,5,3,6,15,9,1,robo persona
JUCHITLAN,0,0,0,1,0,0,0,robo persona
LA BARCA,18,5,7,15,12,20,1,robo persona
LA HUERTA,1,3,2,1,0,2,0,robo persona
LA MANZANILLA DE LA PAZ,0,0,0,0,0,0,0,robo persona
LAGOS DE MORENO,55,35,78,68,28,40,23,robo persona
MAGDALENA,2,3,4,4,3,4,0,robo persona
MASCOTA,1,0,0,0,0,0,0,robo persona
MAZAMITLA,1,2,2,4,1,0,1,robo persona
MEXTICACAN,0,0,0,0,0,0,0,robo persona
MEZQUITIC,0,0,0,0,0,0,0,robo persona
MIXTLAN,0,0,0,0,0,0,0,robo persona
OCOTLAN,41,35,33,37,21,14,3,robo persona
OJUELOS DE JALISCO,3,2,5,3,1,2,0,robo persona
PIHUAMO,0,0,0,0,0,0,1,robo persona
PONCITLAN,4,5,2,5,6,16,0,robo persona
PUERTO VALLARTA,220,180,192,170,181,221,56,robo persona
QUITUPAN,0,0,0,0,0,0,0,robo persona
SAN CRISTOBAL DE LA BARRANCA,0,0,0,2,1,0,0,robo persona
SAN DIEGO DE ALEJANDRIA,0,0,0,0,0,0,0,robo persona
SAN GABRIEL,1,1,1,1,0,1,0,robo persona
SAN IGNACIO CERRO GORDO,0,0,1,0,0,1,0,robo persona
SAN JUAN DE LOS LAGOS,12,13,14,5,9,6,0,robo persona
SAN JUANITO DE ESCOBEDO,0,1,0,2,0,0,0,robo persona
SAN JULIAN,2,1,1,0,0,1,0,robo persona
SAN MARCOS,0,0,0,0,0,1,0,robo persona
SAN MARTIN DE BOLAÑOS,0,1,0,0,0,0,0,robo persona
SAN MARTIN DE HIDALGO,3,1,1,4,4,2,0,robo persona
SAN MIGUEL EL ALTO,1,5,7,2,2,3,1,robo persona
SAN PEDRO TLAQUEPAQUE,600,197,127,867,1733,1483,388,robo persona
SAN SEBASTIAN DEL OESTE,0,0,1,0,1,0,0,robo persona
SANTA MARIA DE LOS ANGELES,0,0,0,0,0,0,0,robo persona
SANTA MARIA DEL ORO,0,0,0,0,0,0,0,robo persona
SAYULA,5,7,8,5,5,8,1,robo persona
TALA,14,27,35,20,56,38,12,robo persona
TALPA DE ALLENDE,1,0,0,6,4,1,0,robo persona
TAMAZULA DE GORDIANO,12,6,8,6,2,0,2,robo persona
TAPALPA,1,0,2,4,2,4,0,robo persona
TECALITLAN,1,1,0,0,0,0,0,robo persona
TECHALUTA DE MONTENEGRO,0,0,0,2,0,0,0,robo persona
TECOLOTLAN,0,2,2,4,5,1,2,robo persona
TENAMAXTLAN,1,0,0,0,0,0,0,robo persona
TEOCALTICHE,4,1,1,1,3,5,0,robo persona
TEOCUITATLAN DE CORONA,0,0,0,0,0,0,0,robo persona
TEPATITLAN DE MORELOS,31,26,55,20,40,33,13,robo persona
TEQUILA,11,5,5,10,12,18,3,robo persona
TEUCHITLAN,1,0,0,1,3,0,0,robo persona
TIZAPAN EL ALTO,5,1,1,0,4,0,0,robo persona
TLAJOMULCO DE ZUÑIGA,208,256,289,584,1090,939,235,robo persona
TOLIMAN,1,0,1,0,0,0,0,robo persona
TOMATLAN,4,2,5,1,2,1,0,robo persona
TONALA,390,127,96,612,1202,1011,336,robo persona
TONAYA,1,1,0,0,0,0,0,robo persona
TONILA,0,0,1,1,0,0,0,robo persona
TOTATICHE,0,0,1,0,0,0,0,robo persona
TOTOTLAN,6,6,6,3,3,2,0,robo persona
TUXCACUESCO,0,0,0,0,0,0,0,robo persona
TUXCUECA,0,0,0,0,0,0,0,robo persona
TUXPAN,6,2,3,2,3,4,2,robo persona
UNION DE SAN ANTONIO,0,1,1,0,1,0,0,robo persona
UNION DE TULA,0,2,1,2,1,2,0,robo persona
VALLE DE GUADALUPE,2,0,0,1,0,2,0,robo persona
VALLE DE JUAREZ,1,0,0,0,0,0,0,robo persona
VILLA CORONA,0,1,1,3,3,3,1,robo persona
VILLA GUERRERO,2,0,0,0,0,0,0,robo persona
VILLA HIDALGO,0,0,1,0,0,0,1,robo persona
VILLA PURIFICACION,0,1,0,1,0,0,0,robo persona
YAHUALICA DE GONZALEZ GALLO,2,3,2,1,1,2,0,robo persona
ZACOALCO DE TORRES,4,2,8,7,4,4,0,robo persona
ZAPOPAN,1555,473,263,2346,3407,2886,722,robo persona
ZAPOTILTIC,3,3,1,6,5,3,3,robo persona
ZAPOTITLAN DE VADILLO,1,0,0,0,0,0,0,robo persona
ZAPOTLAN DEL REY,2,0,2,5,3,0,0,robo persona
ZAPOTLAN EL GRANDE,40,40,69,49,42,40,6,robo persona
ZAPOTLANEJO,26,30,17,37,54,35,10,robo persona
ACATIC,7,12,9,13,28,11,2,robo vehiculo
ACATLAN DE JUAREZ,31,14,15,30,38,40,7,robo vehiculo
AHUALULCO DE MERCADO,11,12,14,14,9,8,1,robo vehiculo
AMACUECA,0,0,2,1,1,1,0,robo vehiculo
AMATITAN,5,8,5,5,12,10,1,robo vehiculo
AMECA,61,49,78,33,42,36,5,robo vehiculo
ARANDAS,56,44,49,58,43,53,15,robo vehiculo
ATEMAJAC DE BRIZUELA,0,1,1,0,1,1,1,robo vehiculo
ATENGO,0,0,0,0,2,0,0,robo vehiculo
ATENGUILLO,0,2,2,0,0,1,0,robo vehiculo
ATOTONILCO EL ALTO,38,20,16,29,26,24,1,robo vehiculo
ATOYAC,4,1,3,3,1,1,0,robo vehiculo
AUTLAN DE NAVARRO,27,41,7,22,30,7,3,robo vehiculo
AYOTLAN,12,7,7,3,7,7,3,robo vehiculo
AYUTLA,4,0,3,1,1,1,1,robo vehiculo
BOLAÑOS,0,0,1,0,0,0,0,robo vehiculo
CABO CORRIENTES,1,2,0,2,1,4,1,robo vehiculo
CAÑADAS DE OBREGON,0,0,0,0,2,3,0,robo vehiculo
CASIMIRO CASTILLO,4,4,2,4,5,1,0,robo vehiculo
CHAPALA,77,52,46,74,74,77,26,robo vehiculo
CHIMALTITAN,0,1,0,0,0,1,0,robo vehiculo
CHIQUILISTLAN,1,0,0,2,1,0,0,robo vehiculo
CIHUATLAN,32,26,15,10,13,16,1,robo vehiculo
COCULA,29,25,20,57,72,12,4,robo vehiculo
COLOTLAN,3,7,4,7,7,7,4,robo vehiculo
CONCEPCION DE BUENOS AIRES,3,1,1,5,1,0,0,robo vehiculo
CUAUTITLAN DE GARCIA BARRAGAN,3,1,0,1,1,1,1,robo vehiculo
CUAUTLA,0,1,1,2,0,0,0,robo vehiculo
CUQUIO,2,1,1,4,8,2,0,robo vehiculo
DEGOLLADO,28,16,11,13,8,12,0,robo vehiculo
EJUTLA,0,0,0,0,0,0,0,robo vehiculo
EL ARENAL,24,26,17,30,36,25,13,robo vehiculo
EL GRULLO,7,6,5,4,4,4,2,robo vehiculo
EL LIMON,0,0,0,0,2,1,1,robo vehiculo
EL SALTO,305,254,217,293,337,403,98,robo vehiculo
ENCARNACION DE DIAZ,29,19,14,25,29,29,14,robo vehiculo
ETZATLAN,2,9,18,9,6,4,2,robo vehiculo
GOMEZ FARIAS,1,4,9,3,4,7,1,robo vehiculo
GUACHINANGO,0,0,0,1,3,1,0,robo vehiculo
GUADALAJARA,3569,2549,2633,5287,8472,8809,1996,robo vehiculo
HOSTOTIPAQUILLO,3,3,3,1,1,4,1,robo vehiculo
HUEJUCAR,0,0,1,3,0,2,2,robo vehiculo
HUEJUQUILLA EL ALTO,1,3,1,1,1,0,0,robo vehiculo
IXTLAHUACAN DE LOS MEMBRILLOS,44,39,24,26,55,67,8,robo vehiculo
IXTLAHUACAN DEL RIO,10,7,7,11,13,11,1,robo vehiculo
JALOSTOTITLAN,25,22,35,24,14,26,11,robo vehiculo
JAMAY,15,4,4,11,18,22,3,robo vehiculo
JESUS MARIA,48,18,17,13,16,18,5,robo vehiculo
JILOTLAN DE LOS DOLORES,0,0,0,1,2,5,0,robo vehiculo
JOCOTEPEC,17,19,10,26,31,42,7,robo vehiculo
JUANACATLAN,8,14,6,10,23,27,3,robo vehiculo
JUCHITLAN,3,2,0,0,2,3,2,robo vehiculo
LA BARCA,85,36,13,27,23,34,7,robo vehiculo
LA HUERTA,7,4,7,3,9,3,0,robo vehiculo
LA MANZANILLA DE LA PAZ,0,0,1,1,2,0,0,robo vehiculo
LAGOS DE MORENO,103,187,111,257,257,144,55,robo vehiculo
MAGDALENA,17,8,8,7,15,13,1,robo vehiculo
MASCOTA,3,4,3,3,6,0,0,robo vehiculo
MAZAMITLA,6,9,5,9,6,8,1,robo vehiculo
MEXTICACAN,0,0,0,1,0,0,0,robo vehiculo
MEZQUITIC,2,1,2,1,0,0,0,robo vehiculo
MIXTLAN,0,1,1,3,1,0,0,robo vehiculo
OCOTLAN,83,53,55,56,43,46,7,robo vehiculo
OJUELOS DE JALISCO,21,25,11,15,9,9,5,robo vehiculo
PIHUAMO,2,2,2,1,1,0,0,robo vehiculo
PONCITLAN,26,22,14,16,14,19,2,robo vehiculo
PUERTO VALLARTA,320,289,329,365,284,325,110,robo vehiculo
QUITUPAN,7,2,2,0,0,3,0,robo vehiculo
SAN CRISTOBAL DE LA BARRANCA,1,3,2,2,0,0,0,robo vehiculo
SAN DIEGO DE ALEJANDRIA,6,7,6,2,6,5,1,robo vehiculo
SAN GABRIEL,2,0,2,1,5,3,0,robo vehiculo
SAN IGNACIO CERRO GORDO,3,6,0,8,9,4,2,robo vehiculo
SAN JUAN DE LOS LAGOS,27,29,19,27,51,54,6,robo vehiculo
SAN JUANITO DE ESCOBEDO,0,2,4,7,2,2,0,robo vehiculo
SAN JULIAN,5,12,13,18,12,11,6,robo vehiculo
SAN MARCOS,0,0,0,2,3,1,1,robo vehiculo
SAN MARTIN DE BOLAÑOS,0,1,0,0,1,1,0,robo vehiculo
SAN MARTIN DE HIDALGO,29,19,14,23,42,16,5,robo vehiculo
SAN MIGUEL EL ALTO,28,17,20,19,21,16,7,robo vehiculo
SAN PEDRO TLAQUEPAQUE,644,432,460,1023,2096,1966,458,robo vehiculo
SAN SEBASTIAN DEL OESTE,1,1,0,2,0,0,0,robo vehiculo
SANTA MARIA DE LOS ANGELES,0,1,0,1,0,3,0,robo vehiculo
SANTA MARIA DEL ORO,0,1,0,0,0,0,0,robo vehiculo
SAYULA,20,9,19,19,14,16,6,robo vehiculo
TALA,71,65,71,62,78,92,22,robo vehiculo
TALPA DE ALLENDE,5,4,9,5,5,3,0,robo vehiculo
TAMAZULA DE GORDIANO,7,7,13,5,4,9,1,robo vehiculo
TAPALPA,2,2,1,0,3,11,2,robo vehiculo
TECALITLAN,1,2,6,2,2,1,1,robo vehiculo
TECHALUTA DE MONTENEGRO,0,0,0,2,5,5,0,robo vehiculo
TECOLOTLAN,19,13,6,11,14,16,5,robo vehiculo
TENAMAXTLAN,3,3,0,2,1,4,1,robo vehiculo
TEOCALTICHE,9,6,12,2,3,4,0,robo vehiculo
TEOCUITATLAN DE CORONA,0,1,5,1,6,5,0,robo vehiculo
TEPATITLAN DE MORELOS,277,174,158,250,179,135,32,robo vehiculo
TEQUILA,20,26,25,17,32,31,7,robo vehiculo
TEUCHITLAN,9,4,7,12,16,4,0,robo vehiculo
TIZAPAN EL ALTO,9,6,7,12,8,4,1,robo vehiculo
TLAJOMULCO DE ZUÑIGA,566,450,376,693,1315,1237,234,robo vehiculo
TOLIMAN,0,0,2,0,0,1,0,robo vehiculo
TOMATLAN,14,13,8,3,7,8,0,robo vehiculo
TONALA,410,222,262,664,1567,1714,541,robo vehiculo
TONAYA,0,2,2,0,0,0,0,robo vehiculo
TONILA,2,4,1,1,2,0,0,robo vehiculo
TOTATICHE,0,1,0,0,0,0,0,robo vehiculo
TOTOTLAN,22,27,13,15,8,9,2,robo vehiculo
TUXCACUESCO,0,0,0,0,0,1,1,robo vehiculo
TUXCUECA,2,1,3,6,8,7,2,robo vehiculo
TUXPAN,11,7,8,6,7,12,2,robo vehiculo
UNION DE SAN ANTONIO,5,4,5,1,8,1,0,robo vehiculo
UNION DE TULA,5,5,2,4,1,2,2,robo vehiculo
VALLE DE GUADALUPE,3,4,5,1,9,6,2,robo vehiculo
VALLE DE JUAREZ,6,4,2,0,1,1,0,robo vehiculo
VILLA CORONA,18,7,9,19,9,14,4,robo vehiculo
VILLA GUERRERO,2,0,0,0,0,0,0,robo vehiculo
VILLA HIDALGO,7,4,8,2,2,4,0,robo vehiculo
VILLA PURIFICACION,5,2,2,2,4,3,1,robo vehiculo
YAHUALICA DE GONZALEZ GALLO,11,9,6,10,13,9,4,robo vehiculo
ZACOALCO DE TORRES,15,9,12,27,28,13,5,robo vehiculo
ZAPOPAN,2177,1687,1568,3317,4311,3707,797,robo vehiculo
ZAPOTILTIC,12,15,15,12,17,11,1,robo vehiculo
ZAPOTITLAN DE VADILLO,1,0,1,0,1,1,0,robo vehiculo
ZAPOTLAN DEL REY,1,9,1,3,1,3,2,robo vehiculo
ZAPOTLAN EL GRANDE,88,89,114,94,67,90,13,robo vehiculo
ZAPOTLANEJO,60,55,48,112,128,59,17,robo vehiculo
ACATIC,0,0,0,1,1,0,1,violacion
ACATLAN DE JUAREZ,1,1,0,2,1,0,0,violacion
AHUALULCO DE MERCADO,0,1,0,1,1,1,1,violacion
AMACUECA,0,0,0,0,0,0,0,violacion
AMATITAN,1,0,0,0,0,1,0,violacion
AMECA,1,2,2,3,1,2,0,violacion
ARANDAS,1,0,1,1,3,0,0,violacion
ATEMAJAC DE BRIZUELA,0,0,0,1,0,0,0,violacion
ATENGO,0,0,0,1,0,1,0,violacion
ATENGUILLO,1,0,1,0,0,0,0,violacion
ATOTONILCO EL ALTO,2,2,2,4,1,0,0,violacion
ATOYAC,0,0,1,0,0,0,0,violacion
AUTLAN DE NAVARRO,5,4,3,7,2,3,3,violacion
AYOTLAN,0,0,0,0,0,2,0,violacion
AYUTLA,1,1,3,0,0,0,0,violacion
BOLAÑOS,1,0,1,0,2,1,0,violacion
CABO CORRIENTES,1,0,0,0,0,0,0,violacion
CAÑADAS DE OBREGON,0,0,0,0,0,1,0,violacion
CASIMIRO CASTILLO,2,1,0,0,0,0,0,violacion
CHAPALA,2,4,0,5,2,2,2,violacion
CHIMALTITAN,0,1,0,0,0,0,0,violacion
CHIQUILISTLAN,0,0,0,1,0,0,0,violacion
CIHUATLAN,5,3,2,0,0,3,0,violacion
COCULA,2,0,0,0,2,1,0,violacion
COLOTLAN,0,1,1,0,4,0,0,violacion
CONCEPCION DE BUENOS AIRES,0,0,0,1,0,0,0,violacion
CUAUTITLAN DE GARCIA BARRAGAN,0,0,0,0,0,0,0,violacion
CUAUTLA,1,0,0,0,0,0,0,violacion
CUQUIO,0,0,0,1,0,0,0,violacion
DEGOLLADO,0,0,0,1,0,0,0,violacion
EJUTLA,0,0,0,0,1,0,0,violacion
EL ARENAL,1,1,0,2,1,2,0,violacion
EL GRULLO,1,1,0,1,1,0,1,violacion
EL LIMON,0,0,0,0,0,0,0,violacion
EL SALTO,7,11,6,18,10,7,1,violacion
ENCARNACION DE DIAZ,1,1,0,1,0,2,0,violacion
ETZATLAN,0,0,1,0,0,1,0,violacion
GOMEZ FARIAS,2,0,0,0,1,0,1,violacion
GUACHINANGO,0,0,0,1,2,0,0,violacion
GUADALAJARA,79,92,93,88,124,95,25,violacion
HOSTOTIPAQUILLO,0,0,0,0,0,0,0,violacion
HUEJUCAR,0,0,0,0,0,0,0,violacion
HUEJUQUILLA EL ALTO,0,1,0,1,0,0,0,violacion
IXTLAHUACAN DE LOS MEMBRILLOS,6,1,3,5,1,3,1,violacion
IXTLAHUACAN DEL RIO,1,0,1,0,0,0,0,violacion
JALOSTOTITLAN,0,0,0,0,0,0,0,violacion
JAMAY,1,1,0,0,1,0,0,violacion
JESUS MARIA,0,1,1,0,1,0,0,violacion
JILOTLAN DE LOS DOLORES,0,0,0,0,0,0,0,violacion
JOCOTEPEC,1,2,3,6,1,1,1,violacion
JUANACATLAN,2,0,1,1,1,2,0,violacion
JUCHITLAN,0,0,0,0,0,0,0,violacion
LA BARCA,0,1,2,0,1,3,0,violacion
LA HUERTA,1,2,1,2,1,0,1,violacion
LA MANZANILLA DE LA PAZ,0,0,0,0,0,0,0,violacion
LAGOS DE MORENO,3,3,2,4,4,3,2,violacion
MAGDALENA,0,0,0,1,0,0,0,violacion
MASCOTA,0,1,0,0,0,1,0,violacion
MAZAMITLA,0,0,0,0,0,2,0,violacion
MEXTICACAN,0,1,1,0,0,0,0,violacion
MEZQUITIC,2,0,2,3,2,2,0,violacion
MIXTLAN,0,0,0,1,0,0,0,violacion
OCOTLAN,4,3,2,2,2,1,1,violacion
OJUELOS DE JALISCO,0,1,2,0,0,2,0,violacion
PIHUAMO,0,0,0,1,0,0,0,violacion
PONCITLAN,1,1,1,1,3,5,1,violacion
PUERTO VALLARTA,9,15,27,34,15,26,2,violacion
QUITUPAN,0,1,0,0,0,0,0,violacion
SAN CRISTOBAL DE LA BARRANCA,0,0,0,0,0,0,0,violacion
SAN DIEGO DE ALEJANDRIA,0,0,0,0,0,0,0,violacion
SAN GABRIEL,2,0,0,1,0,0,1,violacion
SAN IGNACIO CERRO GORDO,0,0,0,0,0,0,0,violacion
SAN JUAN DE LOS LAGOS,0,5,3,4,2,3,0,violacion
SAN JUANITO DE ESCOBEDO,0,1,0,0,0,0,0,violacion
SAN JULIAN,0,0,1,0,0,0,1,violacion
SAN MARCOS,0,0,2,0,0,0,0,violacion
SAN MARTIN DE BOLAÑOS,0,1,1,0,1,0,0,violacion
SAN MARTIN DE HIDALGO,2,1,1,0,0,4,0,violacion
SAN MIGUEL EL ALTO,1,0,0,0,1,1,1,violacion
SAN PEDRO TLAQUEPAQUE,37,35,35,28,44,33,9,violacion
SAN SEBASTIAN DEL OESTE,0,0,0,0,0,0,0,violacion
SANTA MARIA DE LOS ANGELES,1,0,0,0,0,0,0,violacion
SANTA MARIA DEL ORO,0,0,0,0,0,0,0,violacion
SAYULA,0,2,0,1,2,1,0,violacion
TALA,2,3,3,5,3,2,4,violacion
TALPA DE ALLENDE,2,1,0,0,0,0,1,violacion
TAMAZULA DE GORDIANO,0,1,2,2,0,1,0,violacion
TAPALPA,1,0,4,1,0,0,0,violacion
TECALITLAN,1,0,0,0,1,0,0,violacion
TECHALUTA DE MONTENEGRO,0,0,0,0,0,0,0,violacion
TECOLOTLAN,0,1,1,0,1,1,0,violacion
TENAMAXTLAN,0,2,0,0,1,0,0,violacion
TEOCALTICHE,0,0,4,1,0,0,0,violacion
TEOCUITATLAN DE CORONA,0,0,0,1,0,0,0,violacion
TEPATITLAN DE MORELOS,3,7,6,4,3,10,1,violacion
TEQUILA,0,3,2,2,1,0,0,violacion
TEUCHITLAN,0,0,0,1,0,0,0,violacion
TIZAPAN EL ALTO,1,0,1,1,0,1,0,violacion
TLAJOMULCO DE ZUÑIGA,44,32,28,47,44,30,10,violacion
TOLIMAN,0,0,0,0,0,0,0,violacion
TOMATLAN,2,2,1,0,0,0,0,violacion
TONALA,12,30,25,33,33,20,7,violacion
TONAYA,0,0,0,0,0,0,0,violacion
TONILA,1,0,0,0,0,0,0,violacion
TOTATICHE,0,0,0,0,0,0,0,violacion
TOTOTLAN,1,1,0,0,0,2,0,violacion
TUXCACUESCO,0,0,0,1,0,0,0,violacion
TUXCUECA,0,1,0,1,0,1,0,violacion
TUXPAN,1,2,0,1,0,2,0,violacion
UNION DE SAN ANTONIO,2,0,0,0,0,1,0,violacion
UNION DE TULA,1,0,0,0,1,1,0,violacion
VALLE DE GUADALUPE,0,0,1,0,0,0,0,violacion
VALLE DE JUAREZ,0,0,0,1,1,0,0,violacion
VILLA CORONA,0,1,0,0,0,0,0,violacion
VILLA GUERRERO,0,0,0,1,0,0,0,violacion
VILLA HIDALGO,0,0,0,0,0,1,0,violacion
VILLA PURIFICACION,0,0,0,0,0,0,0,violacion
YAHUALICA DE GONZALEZ GALLO,1,0,1,0,1,0,0,violacion
ZACOALCO DE TORRES,0,2,1,1,0,2,0,violacion
ZAPOPAN,60,97,60,85,103,73,17,violacion
ZAPOTILTIC,0,1,0,1,0,1,0,violacion
ZAPOTITLAN DE VADILLO,0,0,0,0,0,0,0,violacion
ZAPOTLAN DEL REY,1,1,1,0,0,0,0,violacion
ZAPOTLAN EL GRANDE,4,0,8,7,2,5,2,violacion
ZAPOTLANEJO,2,1,5,1,2,2,1,violacion
ACATIC,2,5,3,8,8,16,10,violencia intrafamiliar
ACATLAN DE JUAREZ,18,15,8,16,34,42,8,violencia intrafamiliar
AHUALULCO DE MERCADO,3,8,9,22,20,12,6,violencia intrafamiliar
AMACUECA,1,1,1,3,3,1,0,violencia intrafamiliar
AMATITAN,3,4,1,4,17,6,2,violencia intrafamiliar
AMECA,15,26,72,83,114,118,29,violencia intrafamiliar
ARANDAS,14,13,21,35,32,46,14,violencia intrafamiliar
ATEMAJAC DE BRIZUELA,0,0,1,2,0,2,0,violencia intrafamiliar
ATENGO,0,0,0,1,0,1,0,violencia intrafamiliar
ATENGUILLO,0,1,2,3,4,6,0,violencia intrafamiliar
ATOTONILCO EL ALTO,1,2,1,3,9,22,9,violencia intrafamiliar
ATOYAC,3,1,2,8,4,3,1,violencia intrafamiliar
AUTLAN DE NAVARRO,48,80,96,122,113,151,40,violencia intrafamiliar
AYOTLAN,0,0,1,3,5,11,1,violencia intrafamiliar
AYUTLA,1,2,5,7,11,10,1,violencia intrafamiliar
BOLAÑOS,1,0,2,4,2,5,0,violencia intrafamiliar
CABO CORRIENTES,1,4,2,5,4,8,0,violencia intrafamiliar
CAÑADAS DE OBREGON,0,0,2,1,0,1,0,violencia intrafamiliar
CASIMIRO CASTILLO,13,5,8,12,4,5,0,violencia intrafamiliar
CHAPALA,8,11,9,25,48,49,19,violencia intrafamiliar
CHIMALTITAN,0,0,0,1,1,1,0,violencia intrafamiliar
CHIQUILISTLAN,2,1,1,0,2,0,0,violencia intrafamiliar
CIHUATLAN,31,16,27,28,22,22,7,violencia intrafamiliar
COCULA,8,13,26,14,24,24,6,violencia intrafamiliar
COLOTLAN,4,3,7,9,22,17,8,violencia intrafamiliar
CONCEPCION DE BUENOS AIRES,0,0,1,0,0,0,2,violencia intrafamiliar
CUAUTITLAN DE GARCIA BARRAGAN,2,3,0,2,8,7,0,violencia intrafamiliar
CUAUTLA,0,0,1,0,2,1,0,violencia intrafamiliar
CUQUIO,2,2,5,3,5,6,3,violencia intrafamiliar
DEGOLLADO,0,0,1,1,0,3,1,violencia intrafamiliar
EJUTLA,0,0,0,0,0,0,0,violencia intrafamiliar
EL ARENAL,3,4,8,18,23,14,2,violencia intrafamiliar
EL GRULLO,3,8,12,24,33,20,11,violencia intrafamiliar
EL LIMON,1,0,1,4,3,2,1,violencia intrafamiliar
EL SALTO,61,86,128,257,424,329,79,violencia intrafamiliar
ENCARNACION DE DIAZ,7,14,16,12,6,13,3,violencia intrafamiliar
ETZATLAN,5,3,2,11,11,8,6,violencia intrafamiliar
GOMEZ FARIAS,2,8,5,4,6,7,3,violencia intrafamiliar
GUACHINANGO,0,0,1,4,3,1,1,violencia intrafamiliar
GUADALAJARA,1221,1045,2193,2972,2232,1928,445,violencia intrafamiliar
HOSTOTIPAQUILLO,0,0,2,2,2,1,1,violencia intrafamiliar
HUEJUCAR,0,0,1,2,2,3,1,violencia intrafamiliar
HUEJUQUILLA EL ALTO,2,1,2,5,6,2,1,violencia intrafamiliar
IXTLAHUACAN DE LOS MEMBRILLOS,8,24,19,90,94,46,19,violencia intrafamiliar
IXTLAHUACAN DEL RIO,3,10,4,5,9,12,1,violencia intrafamiliar
JALOSTOTITLAN,7,12,11,18,15,17,3,violencia intrafamiliar
JAMAY,1,1,0,5,6,5,4,violencia intrafamiliar
JESUS MARIA,2,2,6,7,6,8,1,violencia intrafamiliar
JILOTLAN DE LOS DOLORES,0,0,0,0,0,0,0,violencia intrafamiliar
JOCOTEPEC,9,5,15,20,26,20,16,violencia intrafamiliar
JUANACATLAN,5,3,10,14,20,33,4,violencia intrafamiliar
JUCHITLAN,1,0,1,1,0,1,4,violencia intrafamiliar
LA BARCA,3,2,4,14,20,28,12,violencia intrafamiliar
LA HUERTA,9,18,14,17,10,10,5,violencia intrafamiliar
LA MANZANILLA DE LA PAZ,0,0,0,0,1,0,0,violencia intrafamiliar
LAGOS DE MORENO,38,34,58,189,156,110,31,violencia intrafamiliar
MAGDALENA,5,6,9,10,13,7,7,violencia intrafamiliar
MASCOTA,4,4,5,3,0,2,3,violencia intrafamiliar
MAZAMITLA,3,5,3,5,1,7,0,violencia intrafamiliar
MEXTICACAN,0,2,1,4,0,1,0,violencia intrafamiliar
MEZQUITIC,1,3,6,7,6,4,1,violencia intrafamiliar
MIXTLAN,0,0,2,5,3,5,1,violencia intrafamiliar
OCOTLAN,27,46,56,76,39,66,28,violencia intrafamiliar
OJUELOS DE JALISCO,2,0,6,13,9,6,0,violencia intrafamiliar
PIHUAMO,0,0,0,3,5,0,2,violencia intrafamiliar
PONCITLAN,1,2,7,15,17,25,3,violencia intrafamiliar
PUERTO VALLARTA,272,253,288,366,393,601,186,violencia intrafamiliar
QUITUPAN,0,1,0,2,0,0,0,violencia intrafamiliar
SAN CRISTOBAL DE LA BARRANCA,0,0,0,1,2,0,0,violencia intrafamiliar
SAN DIEGO DE ALEJANDRIA,0,0,4,1,1,0,0,violencia intrafamiliar
SAN GABRIEL,7,3,2,4,2,2,1,violencia intrafamiliar
SAN IGNACIO CERRO GORDO,1,5,1,1,6,5,4,violencia intrafamiliar
SAN JUAN DE LOS LAGOS,6,8,28,54,38,25,2,violencia intrafamiliar
SAN JUANITO DE ESCOBEDO,3,0,3,9,2,2,1,violencia intrafamiliar
SAN JULIAN,1,2,1,5,3,2,1,violencia intrafamiliar
SAN MARCOS,1,1,2,2,7,1,1,violencia intrafamiliar
SAN MARTIN DE BOLAÑOS,0,4,0,1,1,3,0,violencia intrafamiliar
SAN MARTIN DE HIDALGO,6,3,8,15,16,26,4,violencia intrafamiliar
SAN MIGUEL EL ALTO,9,11,17,11,11,12,1,violencia intrafamiliar
SAN PEDRO TLAQUEPAQUE,465,380,956,1169,878,787,179,violencia intrafamiliar
SAN SEBASTIAN DEL OESTE,0,0,0,1,0,0,0,violencia intrafamiliar
SANTA MARIA DE LOS ANGELES,0,0,0,1,1,0,0,violencia intrafamiliar
SANTA MARIA DEL ORO,0,0,0,1,1,0,0,violencia intrafamiliar
SAYULA,23,21,14,21,21,17,1,violencia intrafamiliar
TALA,24,17,34,63,56,57,23,violencia intrafamiliar
TALPA DE ALLENDE,1,3,3,16,14,11,8,violencia intrafamiliar
TAMAZULA DE GORDIANO,6,13,30,9,6,10,1,violencia intrafamiliar
TAPALPA,5,3,0,5,4,2,1,violencia intrafamiliar
TECALITLAN,2,1,1,2,0,0,2,violencia intrafamiliar
TECHALUTA DE MONTENEGRO,0,2,1,4,1,0,1,violencia intrafamiliar
TECOLOTLAN,4,1,4,4,11,9,4,violencia intrafamiliar
TENAMAXTLAN,0,0,2,1,2,2,0,violencia intrafamiliar
TEOCALTICHE,4,3,1,17,5,4,7,violencia intrafamiliar
TEOCUITATLAN DE CORONA,2,0,2,1,0,1,1,violencia intrafamiliar
TEPATITLAN DE MORELOS,81,131,151,141,96,111,41,violencia intrafamiliar
TEQUILA,8,24,33,30,29,29,16,violencia intrafamiliar
TEUCHITLAN,1,0,2,8,8,6,1,violencia intrafamiliar
TIZAPAN EL ALTO,1,1,1,0,6,18,3,violencia intrafamiliar
TLAJOMULCO DE ZUÑIGA,455,587,1069,818,1032,1027,219,violencia intrafamiliar
TOLIMAN,0,1,2,1,1,3,1,violencia intrafamiliar
TOMATLAN,17,10,18,11,17,23,1,violencia intrafamiliar
TONALA,347,301,804,1059,843,718,183,violencia intrafamiliar
TONAYA,2,1,0,3,1,0,1,violencia intrafamiliar
TONILA,0,2,1,0,1,1,0,violencia intrafamiliar
TOTATICHE,1,3,1,2,4,2,1,violencia intrafamiliar
TOTOTLAN,2,0,3,11,7,4,1,violencia intrafamiliar
TUXCACUESCO,0,0,0,0,2,3,1,violencia intrafamiliar
TUXCUECA,0,1,1,2,3,7,0,violencia intrafamiliar
TUXPAN,6,13,8,20,23,17,3,violencia intrafamiliar
UNION DE SAN ANTONIO,1,1,3,5,4,5,1,violencia intrafamiliar
UNION DE TULA,2,3,2,6,11,8,2,violencia intrafamiliar
VALLE DE GUADALUPE,2,4,2,8,0,6,0,violencia intrafamiliar
VALLE DE JUAREZ,1,0,3,0,0,0,0,violencia intrafamiliar
VILLA CORONA,3,4,2,4,16,10,2,violencia intrafamiliar
VILLA GUERRERO,3,6,1,3,1,3,0,violencia intrafamiliar
VILLA HIDALGO,7,4,5,3,3,3,0,violencia intrafamiliar
VILLA PURIFICACION,8,7,3,7,8,4,3,violencia intrafamiliar
YAHUALICA DE GONZALEZ GALLO,13,8,11,8,7,14,1,violencia intrafamiliar
ZACOALCO DE TORRES,5,3,9,22,17,24,4,violencia intrafamiliar
ZAPOPAN,1058,978,1826,2154,1800,1610,370,violencia intrafamiliar
ZAPOTILTIC,17,8,12,26,22,34,5,violencia intrafamiliar
ZAPOTITLAN DE VADILLO,0,1,2,2,1,2,0,violencia intrafamiliar
ZAPOTLAN DEL REY,2,0,1,6,3,9,1,violencia intrafamiliar
ZAPOTLAN EL GRANDE,44,99,67,98,69,92,19,violencia intrafamiliar
ZAPOTLANEJO,9,12,14,39,33,40,4,violencia intrafamiliar
TOTAL,49141,38016,40104,71971,98637,93491,23500,